ORIGINL_RM,C_AGRI,has_fine_texture,has_wetness,has_topography,has_coarse_texture,has_bedrock,has_no_constraints,has_rock,has_organic,has_marsh,has_water,W_MANCON1,W_MANCON2,W_MANCON3,Total_W_MANCON,ERPOLY_missing,encoded_ERPOLY,encoded_C_SLOPE,C_SLOPE_is_water,C_SLOPE_is_urban,C_SLOPE_is_marsh,C_SLOPE_is_erodedSlope,encoded_C_DRAIN,C_DRAIN_is_water,C_DRAIN_is_urban,C_DRAIN_is_marsh,C_DRAIN_is_erodedSlope,encoded_C_SALT,C_SALT_is_water,C_SALT_is_urban,C_SALT_is_marsh,C_SALT_is_erodedSlope,encoded_C_SURFTEXT,C_SURFTEXT_is_water,C_SURFTEXT_is_urban,C_SURFTEXT_is_marsh,C_SURFTEXT_is_erodedSlope,ERPOLY_H,ERPOLY_L,ERPOLY_M,ERPOLY_Missing,ERPOLY_N,ERPOLY_S,GEN_RATIN1_$ZZ,GEN_RATIN1_Excellent,GEN_RATIN1_Fair,GEN_RATIN1_Good,GEN_RATIN1_ORG,GEN_RATIN1_Poor,MANCON1_,MANCON1_C,MANCON1_CW,MANCON1_ERODEDSLOPES,MANCON1_F,MANCON1_FT,MANCON1_FW,MANCON1_MARSH,MANCON1_NOCONSTRAINTS,MANCON1_ORGANIC,MANCON1_T,MANCON1_W,MANCON1_WATER,MANCON2_,MANCON2_C,MANCON2_CT,MANCON2_CW,MANCON2_F,MANCON2_MARSH,MANCON2_NOCONSTRAINTS,MANCON2_ORGANIC,MANCON2_ROCK,MANCON2_W,MANCON3_,MANCON3_C,MANCON3_FW,MANCON3_NOCONSTRAINTS,MANCON3_W
St Laurent,4,0,1,0,0,0,0,0,0,1,0,0.5,0.0,0.0,0.5,0,1.0,1.0,0,0,0,0,6.0,0,0,0,0,1.0,0,0,0,0,2.0,0,0,0,0,False,False,False,False,True,False,False,False,False,False,False,True,False,False,False,False,False,False,False,False,False,False,False,True,False,False,False,False,False,False,True,False,False,False,False,True,False,False,False,False
Pembina,4,0,1,0,0,0,0,0,0,0,0,1.0,0.0,0.0,1.0,0,1.0,1.0,0,0,0,0,6.0,0,0,0,0,1.0,0,0,0,0,2.0,0,0,0,0,False,False,False,False,True,False,False,False,False,False,False,True,False,False,False,False,False,False,False,False,False,False,False,True,False,True,False,False,False,False,False,False,False,False,False,True,False,False,False,False
Brokenhead,3,0,0,0,1,0,0,0,0,0,0,1.0,0.0,0.0,1.0,0,1.0,1.0,0,0,0,0,5.0,0,0,0,0,1.0,0,0,0,0,4.0,0,0,0,0,False,False,False,False,True,False,False,False,False,False,False,True,False,True,False,False,False,False,False,False,False,False,False,False,False,True,False,False,False,False,False,False,False,False,False,True,False,False,False,False
SHOAL LAKE,1,0,1,1,1,0,1,0,0,0,0,1.8,0.6,0.2,2.6,0,2.0,2.0,0,0,0,0,3.0,0,0,0,0,2.0,0,0,0,0,2.0,0,0,0,0,False,True,False,False,False,False,False,False,False,True,False,False,False,False,False,False,False,False,False,False,True,False,False,False,False,False,False,False,False,False,False,True,False,False,False,False,False,False,False,True
Roland,1,0,0,1,1,0,1,0,0,0,0,3.0,0.0,0.0,3.0,0,3.0,2.0,0,0,0,0,3.0,0,0,0,0,1.0,0,0,0,0,2.0,0,0,0,0,False,False,True,False,False,False,False,False,True,False,False,False,False,False,False,False,False,False,False,False,True,False,False,False,False,True,False,False,False,False,False,False,False,False,False,True,False,False,False,False
Stanley,1,0,0,1,1,0,1,0,0,0,0,3.0,0.0,0.0,3.0,0,2.0,1.0,0,0,0,0,5.0,0,0,0,0,1.0,0,0,0,0,2.0,0,0,0,0,False,True,False,False,False,False,False,False,True,False,False,False,False,False,False,False,False,False,False,False,True,False,False,False,False,True,False,False,False,False,False,False,False,False,False,True,False,False,False,False
Cornwallis,1,0,0,0,0,0,0,0,0,0,0,0.0,0.0,0.0,0.0,1,0.0,0.0,0,0,0,0,5.0,0,0,0,0,2.0,0,0,0,0,3.0,0,0,0,0,False,False,False,True,False,False,False,False,False,True,False,False,True,False,False,False,False,False,False,False,False,False,False,False,False,True,False,False,False,False,False,False,False,False,False,True,False,False,False,False
De Salaberry,2,0,0,0,0,0,0,0,0,0,0,0.0,0.0,0.0,0.0,1,0.0,0.0,0,0,0,0,6.0,0,0,0,0,1.0,0,0,0,0,1.0,0,0,0,0,False,False,False,True,False,False,False,False,False,False,False,True,True,False,False,False,False,False,False,False,False,False,False,False,False,True,False,False,False,False,False,False,False,False,False,True,False,False,False,False
St Andrews,2,1,1,0,0,0,0,0,0,0,0,2.0,0.0,0.0,2.0,0,1.0,1.0,0,0,0,0,6.0,0,0,0,0,1.0,0,0,0,0,1.0,0,0,0,0,False,False,False,False,True,False,False,False,False,False,False,True,False,False,False,False,False,False,True,False,False,False,False,False,False,True,False,False,False,False,False,False,False,False,False,True,False,False,False,False
Victoria,5,0,0,0,0,0,0,0,0,0,0,0.0,0.0,0.0,0.0,0,5.0,6.0,0,0,0,0,2.0,0,0,0,0,1.0,0,0,0,0,0.0,0,0,0,1,False,False,False,False,False,True,False,False,False,False,False,True,False,False,False,True,False,False,False,False,False,False,False,False,False,True,False,False,False,False,False,False,False,False,False,True,False,False,False,False
South Cypress,4,0,0,0,0,0,0,0,0,0,0,0.0,0.0,0.0,0.0,1,0.0,0.0,0,0,0,0,6.0,0,0,0,0,1.0,0,0,0,0,2.0,0,0,0,0,False,False,False,True,False,False,False,False,False,False,False,True,True,False,False,False,False,False,False,False,False,False,False,False,False,True,False,False,False,False,False,False,False,False,False,True,False,False,False,False
Ste. Anne,4,0,0,0,1,0,0,0,0,0,0,1.0,0.0,0.0,1.0,0,1.0,1.0,0,0,0,0,3.0,0,0,0,0,1.0,0,0,0,0,4.0,0,0,0,0,False,False,False,False,True,False,False,False,False,False,False,True,False,True,False,False,False,False,False,False,False,False,False,False,False,True,False,False,False,False,False,False,False,False,False,True,False,False,False,False
SASKATCHEWAN,8,0,1,1,0,0,0,0,0,0,1,2.0,0.0,0.0,2.0,1,0.0,0.0,1,0,0,0,0.0,1,0,0,0,0.0,1,0,0,0,0.0,1,0,0,0,False,False,False,True,False,False,True,False,False,False,False,False,False,False,False,False,False,False,False,False,False,False,False,False,True,True,False,False,False,False,False,False,False,False,False,True,False,False,False,False
Rhineland,1,1,0,0,0,0,0,0,0,0,0,1.0,0.0,0.0,1.0,0,2.0,1.0,0,0,0,0,5.0,0,0,0,0,1.0,0,0,0,0,1.0,0,0,0,0,False,True,False,False,False,False,False,False,True,False,False,False,False,False,False,False,True,False,False,False,False,False,False,False,False,True,False,False,False,False,False,False,False,False,False,True,False,False,False,False
ERIKSDALE,4,0,1,0,0,0,0,0,0,0,0,0.5,0.5,0.0,1.0,0,1.0,1.0,0,0,0,0,6.0,0,0,0,0,1.0,0,0,0,0,2.0,0,0,0,0,False,False,False,False,True,False,False,False,False,False,False,True,False,False,False,False,False,False,False,False,False,False,False,True,False,False,False,False,False,False,False,False,False,False,True,True,False,False,False,False
South Norfolk,1,1,0,0,0,0,0,0,0,0,0,1.0,0.0,0.0,1.0,0,3.0,2.0,0,0,0,0,3.0,0,0,0,0,1.0,0,0,0,0,1.0,0,0,0,0,False,False,True,False,False,False,False,False,True,False,False,False,False,False,False,False,True,False,False,False,False,False,False,False,False,True,False,False,False,False,False,False,False,False,False,True,False,False,False,False
Louise,2,0,0,1,1,0,1,0,0,0,0,1.5,1.5,0.0,3.0,0,2.0,1.0,0,0,0,0,5.0,0,0,0,0,2.0,0,0,0,0,2.0,0,0,0,0,False,True,False,False,False,False,False,False,False,False,False,True,False,False,False,False,False,False,False,False,True,False,False,False,False,False,False,False,False,False,False,True,False,False,False,True,False,False,False,False
Langford,1,0,0,0,0,0,0,0,0,0,0,0.0,0.0,0.0,0.0,1,0.0,0.0,0,0,0,0,5.0,0,0,0,0,1.0,0,0,0,0,2.0,0,0,0,0,False,False,False,True,False,False,False,False,True,False,False,False,True,False,False,False,False,False,False,False,False,False,False,False,False,True,False,False,False,False,False,False,False,False,False,True,False,False,False,False
Grey,3,0,1,0,1,0,0,0,0,0,0,2.0,0.0,0.0,2.0,0,1.0,1.0,0,0,0,0,6.0,0,0,0,0,1.0,0,0,0,0,6.0,0,0,0,0,False,False,False,False,True,False,False,False,False,False,False,True,False,False,True,False,False,False,False,False,False,False,False,False,False,True,False,False,False,False,False,False,False,False,False,True,False,False,False,False
MINIOTA,3,0,0,1,1,0,1,0,0,0,0,3.0,0.0,0.0,3.0,0,1.0,2.0,0,0,0,0,3.0,0,0,0,0,1.0,0,0,0,0,3.0,0,0,0,0,False,False,False,False,True,False,False,False,False,True,False,False,False,False,False,False,False,False,False,False,True,False,False,False,False,True,False,False,False,False,False,False,False,False,False,True,False,False,False,False
Rhineland,2,0,0,1,1,0,1,0,0,0,0,3.0,0.0,0.0,3.0,0,3.0,2.0,0,0,0,0,5.0,0,0,0,0,1.0,0,0,0,0,2.0,0,0,0,0,False,False,True,False,False,False,False,False,True,False,False,False,False,False,False,False,False,False,False,False,True,False,False,False,False,True,False,False,False,False,False,False,False,False,False,True,False,False,False,False
HARRISON,2,0,1,1,0,0,0,0,0,0,0,0.7,0.3,0.0,1.0,0,4.0,3.0,0,0,0,0,3.0,0,0,0,0,1.0,0,0,0,0,2.0,0,0,0,0,True,False,False,False,False,False,False,False,True,False,False,False,False,False,False,False,False,False,False,False,False,False,True,False,False,False,False,False,False,False,False,False,False,False,True,True,False,False,False,False
Albert,4,0,1,0,0,0,0,0,0,0,0,1.0,0.0,0.0,1.0,0,1.0,1.0,0,0,0,0,6.0,0,0,0,0,1.0,0,0,0,0,2.0,0,0,0,0,False,False,False,False,True,False,False,False,False,False,False,True,False,False,False,False,False,False,False,False,False,False,False,True,False,True,False,False,False,False,False,False,False,False,False,True,False,False,False,False
St Clements,1,0,0,1,1,0,1,0,0,0,0,3.0,0.0,0.0,3.0,0,3.0,1.0,0,0,0,0,5.0,0,0,0,0,1.0,0,0,0,0,3.0,0,0,0,0,False,False,True,False,False,False,False,False,True,False,False,False,False,False,False,False,False,False,False,False,True,False,False,False,False,True,False,False,False,False,False,False,False,False,False,True,False,False,False,False
SILVER CREEK,7,0,0,0,1,0,0,0,1,0,0,1.0,0.0,0.0,1.0,0,1.0,4.0,0,0,0,0,7.0,0,0,0,0,1.0,0,0,0,0,6.0,0,0,0,0,False,False,False,False,True,False,False,False,False,False,True,False,False,False,False,False,False,False,False,False,False,True,False,False,False,True,False,False,False,False,False,False,False,False,False,True,False,False,False,False
South Norfolk,1,0,0,1,1,0,1,0,0,0,0,3.0,0.0,0.0,3.0,0,3.0,2.0,0,0,0,0,3.0,0,0,0,0,1.0,0,0,0,0,3.0,0,0,0,0,False,False,True,False,False,False,False,False,True,False,False,False,False,False,False,False,False,False,False,False,True,False,False,False,False,True,False,False,False,False,False,False,False,False,False,True,False,False,False,False
Westbourne,3,0,0,0,1,0,0,0,0,0,0,1.0,0.0,0.0,1.0,0,1.0,1.0,0,0,0,0,5.0,0,0,0,0,1.0,0,0,0,0,4.0,0,0,0,0,False,False,False,False,True,False,False,False,False,True,False,False,False,True,False,False,False,False,False,False,False,False,False,False,False,True,False,False,False,False,False,False,False,False,False,True,False,False,False,False
Dufferin,2,0,0,1,1,0,1,0,0,0,0,3.0,0.0,0.0,3.0,0,2.0,1.0,0,0,0,0,5.0,0,0,0,0,1.0,0,0,0,0,3.0,0,0,0,0,False,True,False,False,False,False,False,False,True,False,False,False,False,False,False,False,False,False,False,False,True,False,False,False,False,True,False,False,False,False,False,False,False,False,False,True,False,False,False,False
Montcalm,1,1,0,0,0,0,0,0,0,0,0,0.5,0.5,0.0,1.0,0,4.0,2.0,0,0,0,0,3.0,0,0,0,0,1.0,0,0,0,0,1.0,0,0,0,0,True,False,False,False,False,False,False,False,True,False,False,False,False,False,False,False,True,False,False,False,False,False,False,False,False,False,False,False,False,True,False,False,False,False,False,True,False,False,False,False
LANSDOWNE,3,0,1,1,1,0,1,0,0,0,0,1.2,1.2,0.2,2.6,0,1.0,1.0,0,0,0,0,3.0,0,0,0,0,1.0,0,0,0,0,2.0,0,0,0,0,False,False,False,False,True,False,False,False,True,False,False,False,False,False,False,False,False,False,False,False,True,False,False,False,False,False,False,False,False,False,False,True,False,False,False,False,False,False,False,True
City of Brandon,4,0,0,0,0,0,0,0,0,0,0,0.0,0.0,0.0,0.0,1,0.0,0.0,0,0,0,0,2.0,0,0,0,0,1.0,0,0,0,0,5.0,0,0,0,0,False,False,False,True,False,False,False,False,False,False,False,True,True,False,False,False,False,False,False,False,False,False,False,False,False,True,False,False,False,False,False,False,False,False,False,True,False,False,False,False
St Andrews,4,0,1,0,0,0,0,0,0,0,0,0.5,0.5,0.0,1.0,0,1.0,1.0,0,0,0,0,6.0,0,0,0,0,1.0,0,0,0,0,3.0,0,0,0,0,False,False,False,False,True,False,False,False,False,False,False,True,False,False,False,False,False,False,False,False,False,False,False,True,False,False,False,False,False,False,False,False,False,False,True,True,False,False,False,False
ROSEDALE,4,0,0,0,1,0,0,0,0,0,0,1.0,0.0,0.0,1.0,0,1.0,1.0,0,0,0,0,2.0,0,0,0,0,1.0,0,0,0,0,4.0,0,0,0,0,False,False,False,False,True,False,False,False,False,False,False,True,False,True,False,False,False,False,False,False,False,False,False,False,False,True,False,False,False,False,False,False,False,False,False,True,False,False,False,False
RUSSELL,4,0,0,0,1,0,0,0,0,0,0,1.0,0.0,0.0,1.0,0,1.0,2.0,0,0,0,0,2.0,0,0,0,0,1.0,0,0,0,0,5.0,0,0,0,0,False,False,False,False,True,False,False,False,False,False,False,True,False,True,False,False,False,False,False,False,False,False,False,False,False,True,False,False,False,False,False,False,False,False,False,True,False,False,False,False
Brokenhead,2,1,1,0,0,0,0,0,0,0,0,2.0,0.0,0.0,2.0,0,1.0,1.0,0,0,0,0,6.0,0,0,0,0,1.0,0,0,0,0,1.0,0,0,0,0,False,False,False,False,True,False,False,False,False,False,False,True,False,False,False,False,False,False,True,False,False,False,False,False,False,True,False,False,False,False,False,False,False,False,False,True,False,False,False,False
Franklin,2,0,1,0,1,0,0,0,0,0,0,0.8,0.4,0.0,1.2000000000000002,0,1.0,1.0,0,0,0,0,5.0,0,0,0,0,1.0,0,0,0,0,3.0,0,0,0,0,False,False,False,False,True,False,False,False,True,False,False,False,False,True,False,False,False,False,False,False,False,False,False,False,False,False,False,False,True,False,False,False,False,False,False,True,False,False,False,False
Stanley,1,0,0,1,1,0,1,0,0,0,0,3.0,0.0,0.0,3.0,0,3.0,2.0,0,0,0,0,3.0,0,0,0,0,1.0,0,0,0,0,2.0,0,0,0,0,False,False,True,False,False,False,False,False,False,True,False,False,False,False,False,False,False,False,False,False,True,False,False,False,False,True,False,False,False,False,False,False,False,False,False,True,False,False,False,False
St Andrews,1,1,0,0,0,0,0,0,0,0,0,1.0,0.0,0.0,1.0,0,2.0,1.0,0,0,0,0,5.0,0,0,0,0,1.0,0,0,0,0,1.0,0,0,0,0,False,True,False,False,False,False,False,False,False,False,False,True,False,False,False,False,True,False,False,False,False,False,False,False,False,True,False,False,False,False,False,False,False,False,False,True,False,False,False,False
SILVER CREEK,2,0,1,1,1,0,1,0,0,0,0,0.6,0.6,0.2,1.4,0,4.0,3.0,0,0,0,0,3.0,0,0,0,0,2.0,0,0,0,0,2.0,0,0,0,0,True,False,False,False,False,False,False,False,True,False,False,False,False,False,False,False,False,False,False,False,False,False,True,False,False,False,False,False,False,False,False,True,False,False,False,False,False,False,False,True
Brokenhead,1,1,0,0,0,0,0,0,0,0,0,1.0,0.0,0.0,1.0,0,3.0,1.0,0,0,0,0,5.0,0,0,0,0,1.0,0,0,0,0,2.0,0,0,0,0,False,False,True,False,False,False,False,False,True,False,False,False,False,False,False,False,True,False,False,False,False,False,False,False,False,True,False,False,False,False,False,False,False,False,False,True,False,False,False,False
Shell River,4,0,0,0,1,0,0,0,0,0,0,1.0,0.0,0.0,1.0,0,1.0,2.0,0,0,0,0,2.0,0,0,0,0,1.0,0,0,0,0,5.0,0,0,0,0,False,False,False,False,True,False,False,False,False,False,False,True,False,True,False,False,False,False,False,False,False,False,False,False,False,True,False,False,False,False,False,False,False,False,False,True,False,False,False,False
St Clements,1,1,0,0,0,0,0,0,0,0,0,1.0,0.0,0.0,1.0,0,3.0,1.0,0,0,0,0,5.0,0,0,0,0,1.0,0,0,0,0,1.0,0,0,0,0,False,False,True,False,False,False,False,False,False,False,False,True,False,False,False,False,True,False,False,False,False,False,False,False,False,True,False,False,False,False,False,False,False,False,False,True,False,False,False,False
ALEXANDER,8,0,1,1,0,0,0,0,0,0,1,2.0,0.0,0.0,2.0,1,0.0,0.0,1,0,0,0,0.0,1,0,0,0,0.0,1,0,0,0,0.0,1,0,0,0,False,False,False,True,False,False,True,False,False,False,False,False,False,False,False,False,False,False,False,False,False,False,False,False,True,True,False,False,False,False,False,False,False,False,False,True,False,False,False,False
Park South,2,0,1,1,1,0,1,0,0,0,0,2.1,0.6,0.1,2.8000000000000003,0,4.0,1.0,0,0,0,0,3.0,0,0,0,0,1.0,0,0,0,0,2.0,0,0,0,0,True,False,False,False,False,False,False,False,False,True,False,False,False,False,False,False,False,False,False,False,True,False,False,False,False,False,False,False,False,False,False,True,False,False,False,False,False,False,False,True
St Laurent,8,0,1,1,0,0,0,0,0,0,1,2.0,0.0,0.0,2.0,1,0.0,0.0,1,0,0,0,0.0,1,0,0,0,0.0,1,0,0,0,0.0,1,0,0,0,False,False,False,True,False,False,True,False,False,False,False,False,False,False,False,False,False,False,False,False,False,False,False,False,True,True,False,False,False,False,False,False,False,False,False,True,False,False,False,False
Siglunes,6,0,0,0,0,0,0,0,0,1,0,0.0,0.0,0.0,0.0,0,1.0,1.0,0,0,0,0,7.0,0,0,0,0,1.0,0,0,0,0,2.0,0,0,0,0,False,False,False,False,True,False,False,False,False,False,False,True,False,False,False,False,False,False,False,True,False,False,False,False,False,True,False,False,False,False,False,False,False,False,False,True,False,False,False,False
Armstrong,3,0,0,1,1,0,1,0,0,0,0,3.0,0.0,0.0,3.0,0,1.0,1.0,0,0,0,0,5.0,0,0,0,0,1.0,0,0,0,0,2.0,0,0,0,0,False,False,False,False,True,False,False,False,True,False,False,False,False,False,False,False,False,False,False,False,True,False,False,False,False,True,False,False,False,False,False,False,False,False,False,True,False,False,False,False
North Norfolk,7,0,1,0,1,0,0,0,1,0,0,0.8,0.4,0.0,1.2000000000000002,0,1.0,1.0,0,0,0,0,7.0,0,0,0,0,1.0,0,0,0,0,6.0,0,0,0,0,False,False,False,False,True,False,False,False,False,False,True,False,False,False,False,False,False,False,False,False,False,True,False,False,False,False,False,False,True,False,False,False,False,False,False,True,False,False,False,False
Albert,1,0,1,1,1,0,1,0,0,0,0,1.2,1.2,0.2,2.6,0,3.0,2.0,0,0,0,0,3.0,0,0,0,0,1.0,0,0,0,0,2.0,0,0,0,0,False,False,True,False,False,False,False,False,False,True,False,False,False,False,False,False,False,False,False,False,True,False,False,False,False,False,False,False,False,False,False,True,False,False,False,False,False,False,False,True
Louise,2,0,0,1,1,0,1,0,0,0,0,0.7,0.9,0.0,1.6,0,5.0,3.0,0,0,0,0,3.0,0,0,0,0,1.0,0,0,0,0,2.0,0,0,0,0,False,False,False,False,False,True,False,False,True,False,False,False,False,False,False,False,False,False,False,False,False,False,True,False,False,False,False,False,False,False,False,True,False,False,False,True,False,False,False,False
Rhineland,1,0,0,1,1,0,1,0,0,0,0,3.0,0.0,0.0,3.0,0,3.0,1.0,0,0,0,0,5.0,0,0,0,0,1.0,0,0,0,0,3.0,0,0,0,0,False,False,True,False,False,False,False,False,False,True,False,False,False,False,False,False,False,False,False,False,True,False,False,False,False,True,False,False,False,False,False,False,False,False,False,True,False,False,False,False
BOULTON,2,0,0,1,1,0,1,0,0,0,0,3.0,0.0,0.0,3.0,0,2.0,2.0,0,0,0,0,3.0,0,0,0,0,1.0,0,0,0,0,3.0,0,0,0,0,False,True,False,False,False,False,False,False,False,True,False,False,False,False,False,False,False,False,False,False,True,False,False,False,False,True,False,False,False,False,False,False,False,False,False,True,False,False,False,False
GRAHAMDALE,7,0,1,0,1,0,0,0,1,0,0,0.5,0.5,0.0,1.0,0,1.0,1.0,0,0,0,0,7.0,0,0,0,0,1.0,0,0,0,0,6.0,0,0,0,0,False,False,False,False,True,False,False,False,False,False,True,False,False,False,False,False,False,False,False,False,False,True,False,False,False,False,False,False,False,False,False,False,False,False,True,True,False,False,False,False
Elton,1,0,0,0,0,0,0,0,0,0,0,0.0,0.0,0.0,0.0,1,0.0,0.0,0,0,0,0,3.0,0,0,0,0,1.0,0,0,0,0,2.0,0,0,0,0,False,False,False,True,False,False,False,False,False,True,False,False,True,False,False,False,False,False,False,False,False,False,False,False,False,True,False,False,False,False,False,False,False,False,False,True,False,False,False,False
GRAHAMDALE,3,0,1,1,1,0,1,0,0,0,0,1.5,0.5,0.0,2.0,0,1.0,1.0,0,0,0,0,5.0,0,0,0,0,1.0,0,0,0,0,2.0,0,0,0,0,False,False,False,False,True,False,False,False,True,False,False,False,False,False,False,False,False,False,False,False,True,False,False,False,False,False,False,False,False,False,False,False,False,False,True,True,False,False,False,False
Edward,1,0,0,1,1,0,1,0,0,0,0,3.0,0.0,0.0,3.0,0,2.0,1.0,0,0,0,0,3.0,0,0,0,0,1.0,0,0,0,0,2.0,0,0,0,0,False,True,False,False,False,False,False,True,False,False,False,False,False,False,False,False,False,False,False,False,True,False,False,False,False,True,False,False,False,False,False,False,False,False,False,True,False,False,False,False
North Cypress,1,0,1,1,1,0,1,0,0,0,0,1.5,0.5,0.0,2.0,0,1.0,1.0,0,0,0,0,5.0,0,0,0,0,1.0,0,0,0,0,3.0,0,0,0,0,False,False,False,False,True,False,False,False,False,True,False,False,False,False,False,False,False,False,False,False,True,False,False,False,False,False,False,False,False,False,False,False,False,False,True,True,False,False,False,False
Rockwood,2,1,1,0,0,0,0,0,0,0,0,2.0,0.0,0.0,2.0,0,1.0,1.0,0,0,0,0,6.0,0,0,0,0,1.0,0,0,0,0,1.0,0,0,0,0,False,False,False,False,True,False,False,False,False,False,False,True,False,False,False,False,False,False,True,False,False,False,False,False,False,True,False,False,False,False,False,False,False,False,False,True,False,False,False,False
Rosser,1,1,0,0,0,0,0,0,0,0,0,1.0,0.0,0.0,1.0,0,2.0,1.0,0,0,0,0,5.0,0,0,0,0,1.0,0,0,0,0,1.0,0,0,0,0,False,True,False,False,False,False,False,False,False,False,False,True,False,False,False,False,True,False,False,False,False,False,False,False,False,True,False,False,False,False,False,False,False,False,False,True,False,False,False,False
ALEXANDER,2,1,1,1,1,0,0,1,0,0,0,1.0,0.3,0.4,1.7000000000000002,0,4.0,3.0,0,0,0,0,3.0,0,0,0,0,1.0,0,0,0,0,1.0,0,0,0,0,True,False,False,False,False,False,False,False,False,False,False,True,False,False,False,False,False,True,False,False,False,False,False,False,False,False,False,False,False,False,False,False,False,True,False,False,False,True,False,False
Westbourne,4,0,1,1,1,0,0,0,0,0,0,0.7,0.6,0.0,1.2999999999999998,0,1.0,1.0,0,0,0,0,6.0,0,0,0,0,1.0,0,0,0,0,2.0,0,0,0,0,False,False,False,False,True,False,False,False,False,False,False,True,False,False,False,False,False,False,False,False,False,False,False,True,False,False,False,True,False,False,False,False,False,False,False,True,False,False,False,False
Riverdale,4,0,0,0,0,0,0,0,0,0,0,0.0,0.0,0.0,0.0,1,0.0,0.0,0,0,0,0,6.0,0,0,0,0,1.0,0,0,0,0,3.0,0,0,0,0,False,False,False,True,False,False,False,False,False,False,False,True,True,False,False,False,False,False,False,False,False,False,False,False,False,True,False,False,False,False,False,False,False,False,False,True,False,False,False,False
Albert,1,0,0,1,1,0,1,0,0,0,0,3.0,0.0,0.0,3.0,0,2.0,1.0,0,0,0,0,5.0,0,0,0,0,1.0,0,0,0,0,2.0,0,0,0,0,False,True,False,False,False,False,False,False,False,True,False,False,False,False,False,False,False,False,False,False,True,False,False,False,False,True,False,False,False,False,False,False,False,False,False,True,False,False,False,False
North Norfolk,4,0,1,0,1,0,0,0,0,0,0,2.0,0.0,0.0,2.0,0,1.0,1.0,0,0,0,0,6.0,0,0,0,0,1.0,0,0,0,0,3.0,0,0,0,0,False,False,False,False,True,False,False,False,False,False,False,True,False,False,True,False,False,False,False,False,False,False,False,False,False,True,False,False,False,False,False,False,False,False,False,True,False,False,False,False
Macdonald,2,1,1,0,0,0,0,0,0,0,0,2.0,0.0,0.0,2.0,0,1.0,1.0,0,0,0,0,6.0,0,0,0,0,1.0,0,0,0,0,1.0,0,0,0,0,False,False,False,False,True,False,False,False,False,False,False,True,False,False,False,False,False,False,True,False,False,False,False,False,False,True,False,False,False,False,False,False,False,False,False,True,False,False,False,False
Winchester,8,0,1,1,0,0,0,0,0,0,1,2.0,0.0,0.0,2.0,1,0.0,0.0,1,0,0,0,0.0,1,0,0,0,0.0,1,0,0,0,0.0,1,0,0,0,False,False,False,True,False,False,True,False,False,False,False,False,False,False,False,False,False,False,False,False,False,False,False,False,True,True,False,False,False,False,False,False,False,False,False,True,False,False,False,False
North Cypress,0,0,0,1,1,0,1,0,0,0,0,2.1,0.9,0.0,3.0,0,3.0,1.0,0,0,0,0,3.0,0,0,0,0,1.0,0,0,0,0,2.0,0,0,0,0,False,False,True,False,False,False,False,False,False,True,False,False,False,False,False,False,False,False,False,False,True,False,False,False,False,False,False,False,False,False,False,True,False,False,False,True,False,False,False,False
Pembina,0,0,0,1,1,0,1,0,0,0,0,3.0,0.0,0.0,3.0,0,2.0,1.0,0,0,0,0,3.0,0,0,0,0,1.0,0,0,0,0,2.0,0,0,0,0,False,True,False,False,False,False,False,False,False,True,False,False,False,False,False,False,False,False,False,False,True,False,False,False,False,True,False,False,False,False,False,False,False,False,False,True,False,False,False,False
Rockwood,4,0,1,0,1,0,0,0,0,0,0,2.0,0.0,0.0,2.0,0,1.0,1.0,0,0,0,0,6.0,0,0,0,0,1.0,0,0,0,0,4.0,0,0,0,0,False,False,False,False,True,False,False,False,False,False,False,True,False,False,True,False,False,False,False,False,False,False,False,False,False,True,False,False,False,False,False,False,False,False,False,True,False,False,False,False
Morton,1,0,0,1,1,0,1,0,0,0,0,1.5,1.2,0.3,3.0,0,3.0,2.0,0,0,0,0,3.0,0,0,0,0,1.0,0,0,0,0,2.0,0,0,0,0,False,False,True,False,False,False,False,False,False,True,False,False,False,False,False,False,False,False,False,False,True,False,False,False,False,False,False,False,False,False,False,True,False,False,False,False,False,False,True,False
Roblin,1,0,0,0,0,0,0,0,0,0,0,0.0,0.0,0.0,0.0,1,0.0,0.0,0,0,0,0,5.0,0,0,0,0,1.0,0,0,0,0,2.0,0,0,0,0,False,False,False,True,False,False,False,False,True,False,False,False,True,False,False,False,False,False,False,False,False,False,False,False,False,True,False,False,False,False,False,False,False,False,False,True,False,False,False,False
Franklin,2,1,1,0,0,0,0,0,0,0,0,2.0,0.0,0.0,2.0,0,1.0,1.0,0,0,0,0,6.0,0,0,0,0,1.0,0,0,0,0,1.0,0,0,0,0,False,False,False,False,True,False,False,False,False,False,False,True,False,False,False,False,False,False,True,False,False,False,False,False,False,True,False,False,False,False,False,False,False,False,False,True,False,False,False,False
North Cypress,1,0,0,1,1,0,1,0,0,0,0,3.0,0.0,0.0,3.0,0,2.0,1.0,0,0,0,0,5.0,0,0,0,0,1.0,0,0,0,0,2.0,0,0,0,0,False,True,False,False,False,False,False,False,True,False,False,False,False,False,False,False,False,False,False,False,True,False,False,False,False,True,False,False,False,False,False,False,False,False,False,True,False,False,False,False
Morton,3,0,1,1,1,0,1,0,0,0,0,0.5,1.2,0.1,1.8,0,5.0,4.0,0,0,0,0,3.0,0,0,0,0,1.0,0,0,0,0,2.0,0,0,0,0,False,False,False,False,False,True,False,False,True,False,False,False,False,False,False,False,False,False,False,False,False,False,True,False,False,False,False,False,False,False,False,True,False,False,False,False,False,False,False,True
BOULTON,3,0,0,1,0,0,0,0,0,0,0,1.0,0.0,0.0,1.0,0,5.0,4.0,0,0,0,0,3.0,0,0,0,0,1.0,0,0,0,0,2.0,0,0,0,0,False,False,False,False,False,True,False,False,True,False,False,False,False,False,False,False,False,False,False,False,False,False,True,False,False,True,False,False,False,False,False,False,False,False,False,True,False,False,False,False
FISHER,3,0,0,1,1,0,1,0,0,0,0,2.1,0.9,0.0,3.0,0,1.0,2.0,0,0,0,0,3.0,0,0,0,0,1.0,0,0,0,0,2.0,0,0,0,0,False,False,False,False,True,False,False,False,True,False,False,False,False,False,False,False,False,False,False,False,True,False,False,False,False,False,False,False,False,False,False,True,False,False,False,True,False,False,False,False
Reynolds,2,0,0,1,1,0,1,0,0,0,0,3.0,0.0,0.0,3.0,0,3.0,1.0,0,0,0,0,5.0,0,0,0,0,1.0,0,0,0,0,2.0,0,0,0,0,False,False,True,False,False,False,False,False,True,False,False,False,False,False,False,False,False,False,False,False,True,False,False,False,False,True,False,False,False,False,False,False,False,False,False,True,False,False,False,False
Albert,1,0,1,1,1,0,1,0,0,0,0,2.4,0.3,0.1,2.8,0,1.0,1.0,0,0,0,0,3.0,0,0,0,0,1.0,0,0,0,0,2.0,0,0,0,0,False,False,False,False,True,False,False,False,False,True,False,False,False,False,False,False,False,False,False,False,True,False,False,False,False,False,False,False,False,False,False,True,False,False,False,False,False,False,False,True
Cornwallis,4,0,0,0,0,0,0,0,0,0,0,0.0,0.0,0.0,0.0,1,0.0,0.0,0,0,0,0,6.0,0,0,0,0,1.0,0,0,0,0,2.0,0,0,0,0,False,False,False,True,False,False,False,False,False,False,False,True,True,False,False,False,False,False,False,False,False,False,False,False,False,True,False,False,False,False,False,False,False,False,False,True,False,False,False,False
Stuartburn,5,0,1,0,1,0,0,0,0,0,0,2.0,0.0,0.0,2.0,0,1.0,1.0,0,0,0,0,7.0,0,0,0,0,1.0,0,0,0,0,6.0,0,0,0,0,False,False,False,False,True,False,False,False,False,False,False,True,False,False,True,False,False,False,False,False,False,False,False,False,False,True,False,False,False,False,False,False,False,False,False,True,False,False,False,False
South Norfolk,4,0,1,0,1,0,0,0,0,0,0,2.0,0.0,0.0,2.0,0,1.0,1.0,0,0,0,0,6.0,0,0,0,0,1.0,0,0,0,0,3.0,0,0,0,0,False,False,False,False,True,False,False,False,False,False,False,True,False,False,True,False,False,False,False,False,False,False,False,False,False,True,False,False,False,False,False,False,False,False,False,True,False,False,False,False
Cameron,1,0,0,1,1,0,1,0,0,0,0,3.0,0.0,0.0,3.0,0,3.0,1.0,0,0,0,0,3.0,0,0,0,0,1.0,0,0,0,0,2.0,0,0,0,0,False,False,True,False,False,False,False,False,False,True,False,False,False,False,False,False,False,False,False,False,True,False,False,False,False,True,False,False,False,False,False,False,False,False,False,True,False,False,False,False
SWAN RIVER,2,0,0,0,1,0,0,0,0,0,0,0.6,0.4,0.0,1.0,0,1.0,1.0,0,0,0,0,3.0,0,0,0,0,1.0,0,0,0,0,4.0,0,0,0,0,False,False,False,False,True,False,False,False,False,True,False,False,False,True,False,False,False,False,False,False,False,False,False,False,False,False,True,False,False,False,False,False,False,False,False,True,False,False,False,False
LAC DU BONNET,7,1,1,0,1,0,0,0,1,0,0,0.4,0.4,0.4,1.2000000000000002,0,1.0,1.0,0,0,0,0,7.0,0,0,0,0,1.0,0,0,0,0,6.0,0,0,0,0,False,False,False,False,True,False,False,False,False,False,True,False,False,False,False,False,False,False,False,False,False,True,False,False,False,False,False,False,False,False,False,False,True,False,False,False,False,True,False,False
Westbourne,2,0,0,1,1,0,1,0,0,0,0,3.0,0.0,0.0,3.0,0,2.0,1.0,0,0,0,0,5.0,0,0,0,0,1.0,0,0,0,0,3.0,0,0,0,0,False,True,False,False,False,False,False,False,True,False,False,False,False,False,False,False,False,False,False,False,True,False,False,False,False,True,False,False,False,False,False,False,False,False,False,True,False,False,False,False
Morton,8,0,1,1,0,0,0,0,0,0,1,2.0,0.0,0.0,2.0,1,0.0,0.0,1,0,0,0,0.0,1,0,0,0,0.0,1,0,0,0,0.0,1,0,0,0,False,False,False,True,False,False,True,False,False,False,False,False,False,False,False,False,False,False,False,False,False,False,False,False,True,True,False,False,False,False,False,False,False,False,False,True,False,False,False,False
Whitehead,4,0,0,0,0,0,0,0,0,0,0,0.0,0.0,0.0,0.0,1,0.0,0.0,0,0,0,0,6.0,0,0,0,0,1.0,0,0,0,0,3.0,0,0,0,0,False,False,False,True,False,False,False,False,False,False,False,True,True,False,False,False,False,False,False,False,False,False,False,False,False,True,False,False,False,False,False,False,False,False,False,True,False,False,False,False
RUSSELL,5,0,0,0,0,0,0,0,0,0,0,0.0,0.0,0.0,0.0,0,5.0,5.0,0,0,0,0,2.0,0,0,0,0,1.0,0,0,0,0,0.0,0,0,0,1,False,False,False,False,False,True,False,False,False,False,False,True,False,False,False,True,False,False,False,False,False,False,False,False,False,True,False,False,False,False,False,False,False,False,False,True,False,False,False,False
Roland,1,0,0,1,1,0,1,0,0,0,0,3.0,0.0,0.0,3.0,0,2.0,1.0,0,0,0,0,3.0,0,0,0,0,1.0,0,0,0,0,3.0,0,0,0,0,False,True,False,False,False,False,False,True,False,False,False,False,False,False,False,False,False,False,False,False,True,False,False,False,False,True,False,False,False,False,False,False,False,False,False,True,False,False,False,False
Springfield,2,0,0,0,0,0,0,0,0,0,0,0.0,0.0,0.0,0.0,1,0.0,0.0,0,0,0,0,6.0,0,0,0,0,1.0,0,0,0,0,1.0,0,0,0,0,False,False,False,True,False,False,False,False,False,False,False,True,True,False,False,False,False,False,False,False,False,False,False,False,False,True,False,False,False,False,False,False,False,False,False,True,False,False,False,False
South Cypress,4,0,0,0,0,0,0,0,0,0,0,0.0,0.0,0.0,0.0,1,0.0,0.0,0,0,0,0,6.0,0,0,0,0,1.0,0,0,0,0,2.0,0,0,0,0,False,False,False,True,False,False,False,False,False,False,False,True,True,False,False,False,False,False,False,False,False,False,False,False,False,True,False,False,False,False,False,False,False,False,False,True,False,False,False,False
North Cypress,3,0,0,0,1,0,0,0,0,0,0,1.0,0.0,0.0,1.0,0,1.0,1.0,0,0,0,0,5.0,0,0,0,0,1.0,0,0,0,0,4.0,0,0,0,0,False,False,False,False,True,False,False,False,False,True,False,False,False,True,False,False,False,False,False,False,False,False,False,False,False,True,False,False,False,False,False,False,False,False,False,True,False,False,False,False
Rhineland,1,1,0,0,0,0,0,0,0,0,0,1.0,0.0,0.0,1.0,0,2.0,1.0,0,0,0,0,5.0,0,0,0,0,1.0,0,0,0,0,1.0,0,0,0,0,False,True,False,False,False,False,False,False,True,False,False,False,False,False,False,False,True,False,False,False,False,False,False,False,False,True,False,False,False,False,False,False,False,False,False,True,False,False,False,False
Langford,1,0,0,0,0,0,0,0,0,0,0,0.0,0.0,0.0,0.0,1,0.0,0.0,0,0,0,0,5.0,0,0,0,0,1.0,0,0,0,0,2.0,0,0,0,0,False,False,False,True,False,False,False,False,True,False,False,False,True,False,False,False,False,False,False,False,False,False,False,False,False,True,False,False,False,False,False,False,False,False,False,True,False,False,False,False
BIFROST,4,0,0,0,1,0,0,0,0,0,0,1.0,0.0,0.0,1.0,0,1.0,2.0,0,0,0,0,2.0,0,0,0,0,1.0,0,0,0,0,4.0,0,0,0,0,False,False,False,False,True,False,False,False,False,False,False,True,False,True,False,False,False,False,False,False,False,False,False,False,False,True,False,False,False,False,False,False,False,False,False,True,False,False,False,False
Portage la Prairie,2,0,0,1,1,0,1,0,0,0,0,3.0,0.0,0.0,3.0,0,2.0,1.0,0,0,0,0,5.0,0,0,0,0,1.0,0,0,0,0,2.0,0,0,0,0,False,True,False,False,False,False,False,False,True,False,False,False,False,False,False,False,False,False,False,False,True,False,False,False,False,True,False,False,False,False,False,False,False,False,False,True,False,False,False,False
Coldwell,8,0,1,1,0,0,0,0,0,0,1,2.0,0.0,0.0,2.0,1,0.0,0.0,1,0,0,0,0.0,1,0,0,0,0.0,1,0,0,0,0.0,1,0,0,0,False,False,False,True,False,False,True,False,False,False,False,False,False,False,False,False,False,False,False,False,False,False,False,False,True,True,False,False,False,False,False,False,False,False,False,True,False,False,False,False
Elton,4,0,0,0,0,0,0,0,0,0,0,0.0,0.0,0.0,0.0,1,0.0,0.0,0,0,0,0,6.0,0,0,0,0,2.0,0,0,0,0,2.0,0,0,0,0,False,False,False,True,False,False,False,False,False,False,False,True,True,False,False,False,False,False,False,False,False,False,False,False,False,True,False,False,False,False,False,False,False,False,False,True,False,False,False,False
COLDWELL,6,0,0,0,0,0,0,0,0,1,0,0.0,0.0,0.0,0.0,0,1.0,1.0,0,0,0,0,7.0,0,0,0,0,1.0,0,0,0,0,2.0,0,0,0,0,False,False,False,False,True,False,False,False,False,False,False,True,False,False,False,False,False,False,False,True,False,False,False,False,False,True,False,False,False,False,False,False,False,False,False,True,False,False,False,False
SIFTON,2,0,0,1,1,0,1,0,0,0,0,1.2,1.2,0.2,2.6,0,3.0,2.0,0,0,0,0,3.0,0,0,0,0,1.0,0,0,0,0,3.0,0,0,0,0,False,False,True,False,False,False,False,False,False,True,False,False,False,False,False,False,False,False,False,False,True,False,False,False,False,False,False,False,False,False,False,True,False,False,False,False,True,False,False,False
