OBJECTID,ORIGINL_RM,REPORT_NUM,REPORT_NAM,SCALE,DATE,MAPUNITNOM,MUNOM1,SOIL_CODE1,SOILNAME1,VARIANT1,PHASE1,CLASS1,EXTENT1,MUNOM2,SOIL_CODE2,SOILNAME2,VARIANT2,PHASE2,CLASS2,EXTENT2,MUNOM3,SOIL_CODE3,SOILNAME3,VARIANT3,PHASE3,CLASS3,EXTENT3,SLOPEP1,SLOPEP2,SLOPEP3,TOPO1,TOPO2,TOPO3,STONE1,STONE2,STONE3,EROSION1,EROSION2,EROSION3,SALINITY1,SALINITY2,SALINITY3,SLOPE_LEN1,SLOPE_LEN2,SLOPE_LEN3,LS_MEAN1,LS_MEAN2,LS_MEAN3,C_ERPOLY,C_AGRI,C_SLOPE,C_GEN,C_DRAIN,C_MAN,C_SALT,C_SOIL,C_SURFTEXT,ERCLS1,ERCLS2,ERCLS3,ERPOLY,ERSYMBOL,AGRI_CAP1,AGRI_CAP2,AGRI_CAP3,AGCAP_CLS1,AGCAP_CLS2,AGCAP_CLS3,AGCAP_GRP1,AGCAP_GRP2,AGCAP_GRP3,SOIL_FACT1,LANDSCAPE1,IRRIG_CLA1,GEN_RATIN1,SOIL_FACT2,LANDSCAPE2,IRRIG_CLA2,GEN_RATIN2,SOIL_FACT3,LANDSCAPE3,IRRIG_CLA3,GEN_RATIN3,SPUD_RTNG1,SPUD_RTNG2,SPUD_RTNG3,DRAINAGE1,DRAINAGE2,DRAINAGE3,SURFTEXT1,SURFTEXT2,SURFTEXT3,SURFTEXTM1,SURFTEXTM2,SURFTEXTM3,TEX_GROUP1,TEX_GROUP2,TEX_GROUP3,MANCON1,MANCON2,MANCON3,TOPSOIL1,TOPSOIL2,TOPSOIL3,SAND_GRAV1,SAND_GRAV2,SAND_GRAV3,ROADFILL1,ROADFILL2,ROADFILL3,BASMNT1,BASMNT2,BASMNT3,NO_BASMNT1,NO_BASMNT2,NO_BASMNT3,ROAD_ST1,ROAD_ST2,ROAD_ST3,TRENCHTYP1,TRENCHTYP2,TRENCHTYP3,AREA_TYPE1,AREA_TYPE2,AREA_TYPE3,COVER_MAT1,COVER_MAT2,COVER_MAT3,S_LAGOON1,S_LAGOON2,S_LAGOON3,SEP_FIELD1,SEP_FIELD2,SEP_FIELD3,PLAY_GRND1,PLAY_GRND2,PLAY_GRND3,PICNIC1,PICNIC2,PICNIC3,CAMP_AREA1,CAMP_AREA2,CAMP_AREA3,PATH1,PATH2,PATH3,SHAPE_Length,SHAPE_Area
10787,Killarney - Turtle Mountain,D90,Killarney - Turtle Mountain,"1:50,000",2022/11/24 00:00:00+00,WKD6-MOT4/xbxx-xbxx,WKD/xbxx,WKD,Waskada,,,xbxx,60,MOT/xbxx,MOT,Montgomery,,,xbxx,40,,,,,,,0,-99.0,-99.0,-99.0,b,b,,x,x,,x,x,,x,x,,,,,-99.0,-99.0,-99.0,-99.0,22,-99,22,23,-99,21,31,22,,,,,,2X,2W,,2,2,,Group 1,Group 1,,2kx,A,2kx A,Good,3w,A,3w A,Fair,,,,,4,4,,W,I,,L,L,,,,,ME,ME,,,,,G,Fb,,Va,Va,,Fa,Faw,,Fa,Pw,,Fa,Faw,,Fa,Faw,,Fs,Pw,,G,Fw,,G,G,,Fak,Fak,,Pk,Phk,,G,Fw,,G,Fw,,G,Fw,,G,Fw,,8011.05251566062,-2158818.97162776
110962,Reynolds,14,South Eastern,"1:126,720",2022/11/24 00:00:00+00,SP,OOK/xxxx,OOK,Orok,,,xxxx,40,CAY/xxxx,CAY,Cayer,,,xxxx,40,FYLp/xxxx,FYL,"Fyala, peaty",,p,xxxx,20,0.2,0.2,0.2,x,x,x,ORG,ORG,x,ORG,ORG,x,ORG,ORG,x,3,3,3,0.27313,0.27313,0.27313,21.0,28,21,25,27,45,21,68,26,N,N,N,N,N4-N4-N2,O4WL,O3W,6W,O4,O3,6,,,,0,A,0 A,ORG,0,A,0 A,ORG,4kw,A,4kw A,Poor,,,,VP,VP,VP,F,M,M,,,,Of,Om,Om,Organic,Organic,FW,,,,,,,,,,,,,,,,,,,,,,,,,,,,,,,,,,,,,,,,,,,,,,24638.5440568585,4640990.9684844
62127,Langford,D95,Langford,"1:20,000",2022/11/24 00:00:00+00,SHX/xdxx,SHX/xdxx,SHX,Shilox,,,xdxx,100,,,,,,,0,,,,,,,0,-99.0,-99.0,-99.0,d,,,x,,,x,,,x,,,,,,-99.0,,,-99.0,26,-99,23,22,-99,21,26,24,,,,,,6M,,,6,,,Group 4,,,3m,Ct2,3m Ct2,Fair,,,,,,,,,4,,,R,,,FS,,,,,,CO,,,,,,Vb,,,Fa,,,G,,,G,,,G,,,G,,,Vks,,,Vk,,,Pq,,,Vkg,,,Gg,,,Pmt,,,Pm,,,Fs,,,Ps,,,4374.34818224167,607618.349607292
17113,St Clements,D14,Winnipeg Region,"1:20,000",2022/11/24 00:00:00+00,Pl,PMG/xxxx,PMG,Plum Ridge,,,xxxx,100,,,,,,,0,,,,,,,0,0.5,-9.0,-9.0,x,,,x,,,x,,,x,,,3.0,,,0.32788,0.0,0.0,23.0,22,21,22,25,20,21,30,23,M,N,N,M,M10,2M,,,2,,,Group 1,,,2w,A,2w A,Good,,,,,,,,,3,,,I,,,VFSL,,,,,,ME,,,No Constraints,,,Fb,,,Va,,,Faf,,,Pw,,,Faw,,,Faw,,,Pkw,,,Pk,,,G,,,Phk,,,Ph,,,Fw,,,Fw,,,Fw,,,Fw,,,4319.40863841363,426178.213002851
2283,Cameron,20,Boissevain-Melita,"1:40,000",2022/11/24 00:00:00+00,Be,BED/xxxx,BED,Bede,,,xxxx,100,,,,,,,0,,,,,,,0,0.5,-9.0,-9.0,x,,,x,,,x,,,x,,,3.0,,,0.32788,0.0,0.0,21.0,25,21,24,22,21,21,18,24,N,N,N,N,N10,5M,,,5,,,Group 3,,,4m,A,4m A,Poor,,,,,,,,,5,,,R,,,LS,,,,,,CO,,,C,,,Ps,,,G,,,G,,,G,,,G,,,G,,,Vks,,,Vkg,,,Vcs,,,Vck,,,Gg,,,Pq,,,Fms,,,Fs,,,G,,,3316.99769060195,330289.727028607
17045,Rockwood,D14,Winnipeg Region,"1:20,000",2022/11/24 00:00:00+00,Le,LWY/xxxx,LWY,Ledwyn,,,xxxx,100,,,,,,,0,,,,,,,0,0.5,-9.0,-9.0,x,,,x,,,x,,,x,,,3.0,,,0.32788,0.0,0.0,22.0,22,21,23,25,20,21,31,22,L,N,N,L,L10,2W,,,2,,,Group 1,,,3w,A,3w A,Fair,,,,,,,,,3,,,I,,,CL,,,,,,MF,,,No Constraints,,,Fs,,,Va,,,Faw,,,Pw,,,Faw,,,Faw,,,Pw,,,Fw,,,Fs,,,Fak,,,Phk,,,Fsw,,,Fsw,,,Fsw,,,Fsw,,,2309.5786712515,103259.486963342
26692,North Norfolk,D80,North Norfolk,"1:20,000",2022/11/24 00:00:00+00,LOP/xcxx,LOP/xcxx,LOP,Long Plain,,,xcxx,100,,,,,,,0,,,,,,,0,3.5,-9.0,-9.0,c,,,x,,,x,,,x,,,1.0,,,0.45396,0.0,0.0,21.0,24,22,22,25,21,21,21,24,N,N,N,N,N10,4M,,,4,,,Group 2,,,2mw,Bt2,2mw Bt2,Good,,,,,,,,,3,,,I,,,LFS,,,,,,CO,,,C,,,Ps,,,Pa,,,Fw,,,Pw,,,Fw,,,Fw,,,Vks,,,Vk,,,Pq,,,Vk,,,Fhg,,,Ftw,,,Fsw,,,Fsw,,,Fw,,,1823.05308880519,116771.309643274
37099,South Norfolk,D74,South Norfolk,"1:20,000",2022/11/24 00:00:00+00,EGF,EGF/xxxx,EGF,Eigenhof,,,xxxx,100,,,,,,,0,,,,,,,0,0.5,-9.0,-9.0,x,,,x,,,x,,,x,,,3.0,,,0.32788,0.0,0.0,21.0,21,21,22,23,20,21,31,22,N,N,N,N,N10,1,,,1,,,Group 1,,,2k,A,2k A,Good,,,,,,,,,2,,,W,,,CL,,,,,,MF,,,No Constraints,,,Fs,,,Va,,,Fa,,,Fa,,,Fa,,,Fa,,,Fs,,,G,,,Fs,,,Fak,,,Pk,,,Fs,,,Fs,,,Fs,,,Fs,,,2620.41525677837,309523.50750614
95221,Rockwood,12,Fisher-Teulon,"1:100,000",2022/11/24 00:00:00+00,Ml,MEBp/xx2x,MEB,"Meleb, peaty",,p,xx2x,100,,,,,,,0,,,,,,,0,0.5,-9.0,-9.0,x,,,2,,,x,,,x,,,3.0,-,-,0.32788,0.0,0.0,21.0,26,21,24,27,31,21,62,26,N,N,N,N,N10,6W,,,6,,,,,,4w,A,4w A,Poor,,,,,,,,,,,,VP,,,M,,,,,,Om,,,W,,,,,,,,,,,,,,,,,,,,,,,,,,,,,,,,,,,,,,,,,,,,,,,,3122.18600583527,376589.306220899
77941,HILLSBURG,9,Grandview,"1:126,720",2022/11/24 00:00:00+00,"P adj. Ecl, Ly, Ons (50:2",VSTp/xxxx,VST,"Vista, peaty",,p,xxxx,100,,,,,,,0,,,,,,,0,0.5,-9.0,-9.0,x,,,x,,,x,,,x,,,3,-,-,0.32788,0.0,0.0,21.0,26,21,24,27,34,21,34,26,N,N,N,N,N10,6W,,,6,,,,,,4w,A,4w A,Poor,,,,,,,,,,,,VP,,,M,,,,,,Om,,,CW,,,,,,,,,,,,,,,,,,,,,,,,,,,,,,,,,,,,,,,,,,,,,,,,121.561154265988,625.532175218678
57019,Springfield,D88,Springfield,"1:20,000",2022/11/24 00:00:00+00,PLN5-SPG5,PLN/xxxx,PLN,Pelan,,,xxxx,50,SPG/xxxx,SPG,Sprague,,,xxxx,50,,,,,,,0,-99.0,-99.0,-99.0,x,x,,x,x,,x,x,,x,x,,,,,-99.0,-99.0,-99.0,-99.0,22,-99,23,25,-99,21,21,23,,,,,,2M,5W,,2,5,,Group 1,Group 3,,3wx,A,3wx A,Fair,4w,A,4w A,Poor,,,,,4,5.0,,I,P,,FSL,FSL,,,,,MC,MC,,,,,Ps,Fb,,Pax,Pah,,Fw,Pw,,Pw,Vw,,Fw,Pw,,Fw,Pw,,Pw,Vhw,,Fw,Phw,,Fs,Pw,,Pk,Phk,,Ph,Vh,,Fsw,Pw,,Fsw,Pw,,Fsw,Pw,,Fw,Pw,,6626.7076932931,701108.280448999
82980,Siglunes,16,Grahamdale,"1:126,720",2022/11/24 00:00:00+00,Pl/T,GHP/xx1x,GHP,Glenhope,,,xx1x,100,,,,,,,0,,,,,,,0,1.0,-9.0,-9.0,x,,,1,,,x,,,x,,,3,-,-,0.42868,0.0,0.0,22.0,22,21,23,25,20,21,30,23,L,N,N,L,L10,2W,,,2,,,,,,3w,A,3w A,Fair,,,,,,,,,,,,I,,,VFSL,,,,,,ME,,,No Constraints,,,,,,,,,,,,,,,,,,,,,,,,,,,,,,,,,,,,,,,,,,,,,,,,2614.43329348868,348954.8648611
43573,Cameron,20,Boissevain-Melita,"1:20,000",2022/11/24 00:00:00+00,Cn:5-Sw:5,CMR/xxxx,CMR,Cameron,,,xxxx,50,SWZ/xxxx,SWZ,Switzer,,,xxxx,50,,,,,,,0,0.5,0.5,-9.0,x,x,,x,x,,x,x,,x,x,,2.0,2.0,,0.21164,0.21164,0.0,21.0,22,21,21,23,20,21,31,22,L,N,N,N,L5-N5,2X,2M,,2,2.0,,Group 1,Group 1,,1,A,1 A,Excellent,2w,A,2w A,Good,,,,,1,3.0,,W,I,,L,LFS,,,,,ME,CO,,No Constraints,No Constraints,,G,Fb,,Va,Va,,Fa,Fw,,Fa,Pw,,Fa,Fw,,Fa,Fw,,G,Pkw,,G,Pk,,G,G,,Fak,Pk,,Fk,Fh,,G,Fw,,G,Fw,,G,Fw,,G,Fw,,8320.10485302211,991040.829251138
24102,Portage la Prairie,17,Portage la Prairie,"1:20,000",2022/11/24 00:00:00+00,Ga,GDH/xxxx,GDH,Gnadenthal,,,xxxx,100,,,,,,,0,,,,,,,0,0.5,-9.0,-9.0,x,,,x,,,x,,,x,,,3.0,,,0.32788,0.0,0.0,22.0,21,21,22,25,20,21,31,22,L,N,N,L,L10,1,,,1,,,Group 1,,,2w,A,2w A,Good,,,,,,,,,3,,,I,,,SCL,,,,,,MF,,,No Constraints,,,G,,,Va,,,Faw,,,Pw,,,Faw,,,Faw,,,Pw,,,Fw,,,G,,,Fak,,,Ph,,,Fw,,,Fw,,,Fw,,,Fw,,,51778.4682948004,18302651.4324926
96638,CLANWILLIAM,8,West-Lake,"1:126,720",2022/11/24 00:00:00+00,W (m),SNT/xcxx,SNT,Sinnott,,,xcxx,100,,,,,,,0,,,,,,,0,3.5,-9.0,-9.0,c,,,x,,,x,,,x,,,2.0,-,-,0.71777999,0.0,0.0,21.0,25,22,24,26,31,21,29,22,N,N,N,N,N10,5W,,,5,,,,,,4w,Bt2,4w Bt2,Poor,,,,,,,,,,,,P,,,CL,,,,,,MF,,,W,,,,,,,,,,,,,,,,,,,,,,,,,,,,,,,,,,,,,,,,,,,,,,,,1567.07709123172,174816.52945756
52336,Edward,20,Boissevain-Melita,"1:20,000",2022/11/24 00:00:00+00,Te,TRC/xxxx,TRC,Terence,,,xxxx,100,,,,,,,0,,,,,,,0,0.5,-9.0,-9.0,x,,,x,,,x,,,x,,,2,,,0.21164,0.0,0.0,21.0,22,21,23,25,21,21,21,24,N,N,N,N,N10,2M,,,2,,,Group 1,,,3w,A,3w A,Fair,,,,,,,,,4,,,I,,,LS,,,,,,CO,,,C,,,Ps,,,Pax,,,Fw,,,Pw,,,Fw,,,Fw,,,Phw,,,Fw,,,Fs,,,Pk,,,Ph,,,Fsw,,,Fsw,,,Fsw,,,Fw,,,10557.2099843092,1197811.59086451
30483,North Cypress,D85,North Cypress,"1:20,000",2022/11/24 00:00:00+00,GRO,GRO/xxxx,GRO,Grover,,,xxxx,100,,,,,,,0,,,,,,,0,0.5,-9.0,-9.0,x,,,x,,,x,,,x,,,3.0,-,-,0.32788,0.0,0.0,21.0,22,21,22,25,20,21,31,23,N,N,N,N,N10,2W,,,2,,,Group 1,,,2w,A,2w A,Good,,,,,,,,,3,,,I,,,VFSL,,,,,,ME,,,No Constraints,,,G,,,Pa,,,Faw,,,Pw,,,Faw,,,Faw,,,Vks,,,Fwg,,,Pq,,,Vkg,,,Fhg,,,Fw,,,Fw,,,Fw,,,Fw,,,2253.0635303051,80838.4127790007
39458,Whitewater,20,Boissevain-Melita,"1:20,000",2022/11/24 00:00:00+00,Tc,TWC/xxxx,TWC,Two Creeks,,,xxxx,100,,,,,,,0,,,,,,,0,0.5,-9.0,-9.0,x,,,x,,,x,,,x,,,3.0,,,0.32788,0.0,0.0,22.0,22,21,23,25,20,21,31,22,L,N,N,L,L10,2W,,,2,,,Group 1,,,3w,A,3w A,Fair,,,,,,,,,4,,,I,,,L,,,,,,ME,,,No Constraints,,,Fb,,,Va,,,Faw,,,Pw,,,Faw,,,Faw,,,Pw,,,Fw,,,G,,,Fak,,,Phk,,,Fw,,,Fw,,,Fw,,,Fw,,,4042.15156095535,409824.47496
97428,BIRTLE,6,Rossburn-Virden,"1:126,720",2022/11/24 00:00:00+00,Er,$ER/xixx,$ER,Eroded Slope Complex,,,xixx,100,,,,,,,0,,,,,,,0,85.0,-9.0,-9.0,i,,,$ER,,,3,,,x,,,2.0,-,-,120.72252,0.0,0.0,25.0,27,26,24,22,24,21,19,7,S,N,N,S,S10,7T,,,7,,,,,,4m,Dt2,4m Dt2,Poor,,,,,,,,,,,,R,,,$ER,,,,,,$ER,,,Eroded slopes,,,,,,,,,,,,,,,,,,,,,,,,,,,,,,,,,,,,,,,,,,,,,,,,3646.15871807585,342077.852794552
17212,Rockwood,D14,Winnipeg Region,"1:20,000",2022/11/24 00:00:00+00,We,WTDd/xxxx,WTD,"Wentland, drained",,d,xxxx,100,,,,,,,0,,,,,,,0,0.5,-9.0,-9.0,x,,,x,,,x,,,x,,,3.0,,,0.32788,0.0,0.0,21.0,23,21,24,26,31,21,37,23,N,N,N,N,N10,3W,,,3,,,Group 1,,,4w,A,4w A,Poor,,,,,,,,,5,,,P,,,VFSL,,,,,,ME,,,W,,,Fb,,,Va,,,Phw,,,Vw,,,Pw,,,Pw,,,Vhw,,,Pw,,,Pw,,,Vh,,,Vh,,,Pw,,,Pw,,,Pw,,,Pw,,,1428.23726301283,53051.0918416902
5902,Pembina,D77,Pembina,"1:50,000",2022/11/24 00:00:00+00,MXS/xbxx,MXS/xbxx,MXS,Manitou,,,xbxx,100,,,,,,,0,,,,,,,0,1.0,-9.0,-9.0,b,,,x,,,x,,,x,,,3.0,,,0.42868,0.0,0.0,23.0,22,21,22,23,20,21,28,22,M,N,N,M,M10,2X,,,2,,,Group 1,,,2kx,A,2kx A,Good,,,,,,,,,4,,,W,,,CL,,,,,,MF,,,No Constraints,,,Fs,,,Va,,,Fa,,,Fa,,,Fa,,,Fa,,,Fs,,,G,,,Fs,,,Fak,,,Pk,,,Fs,,,Fs,,,Fs,,,Fs,,,9837.40303001486,4772814.87178826
84871,BOULTON,9,Grandview,"1:126,720",2022/11/24 00:00:00+00,ZZ,$ZZ/xxxx,$ZZ,Water,,,xxxx,100,,,,,,,0,,,,,,,0,-9.0,-9.0,-9.0,$ZZ,,,$ZZ,,,$ZZ,,,$ZZ,,,,,,0.68329,0.0,0.0,6.0,6,6,6,6,6,6,6,6,,N,N,, 10,$ZZ,,,$ZZ,,,,,,$ZZ,$ZZ,$ZZ,$ZZ,,,,,,,,,,,,$ZZ,,,$ZZ,,,,,,$ZZ,,,Water,,,,,,,,,,,,,,,,,,,,,,,,,,,,,,,,,,,,,,,,,,,,,,,,1008.3135845728,71136.4472031598
52807,Rhineland,D76,Rhineland,"1:20,000",2022/11/24 00:00:00+00,RGD,RGD/xxxx,RGD,Rignold,,,xxxx,100,,,,,,,0,,,,,,,0,0.5,-9.0,-9.0,x,,,x,,,x,,,x,,,3,,,0.32788,0.0,0.0,22.0,21,21,23,25,20,21,31,22,L,N,N,L,L10,1,,,1,,,Group 1,,,3wx,A,3wx A,Fair,,,,,,,,,4,,,I,,,SCL,,,,,,MF,,,No Constraints,,,G,,,Va,,,Pa,,,Paw,,,Faw,,,Faw,,,Pw,,,Fw,,,G,,,G,,,Phk,,,Fw,,,Fw,,,Fw,,,Fw,,,4471.83528777435,420272.742766691
81202,Dauphin,9,Grandview,"1:126,720",2022/11/24 00:00:00+00,Ag,ASZ/xcxx,ASZ,Agassiz,,,xcxx,100,,,,,,,0,,,,,,,0,3.5,-9.0,-9.0,c,,,x,,,x,,,x,,,2,-,-,0.71777999,0.0,0.0,21.0,25,22,24,22,21,21,18,24,N,N,N,N,N10,5M,,,5,,,,,,4m,Bt2,4m Bt2,Poor,,,,,,,,,,,,R,,,LS,,,,,,CO,,,C,,,,,,,,,,,,,,,,,,,,,,,,,,,,,,,,,,,,,,,,,,,,,,,,2855.58503609092,373076.166825124
101810,LAC DU BONNET,15,Lac du Bonnet,"1:126,720",2022/11/24 00:00:00+00,Si,SIK/xc1x,SIK,Sirko,,,xc1x,100,,,,,,,0,,,,,,,0,3.5,-9.0,-9.0,c,,,1,,,x,,,x,,,2.0,-,-,0.71777999,0.0,0.0,21.0,24,22,24,25,21,21,18,24,N,N,N,N,N10,4M,,,4,,,,,,4m,Bt2,4m Bt2,Poor,,,,,,,,,,,,I,,,LS,,,,,,CO,,,C,,,,,,,,,,,,,,,,,,,,,,,,,,,,,,,,,,,,,,,,,,,,,,,,3075.78365597564,271841.570967223
48325,Stanley,18,"Morden, Winkler","1:20,000",2022/11/24 00:00:00+00,Hb,HHF/xxxx,HHF,Hochfeld,,,xxxx,100,,,,,,,0,,,,,,,0,0.5,-9.0,-9.0,x,,,x,,,x,,,x,,,3.0,,,0.32788,0.0,0.0,23.0,23,21,21,23,20,21,30,23,M,N,N,M,M10,3M,,,3,,,Group 2,,,1,A,1 A,Excellent,,,,,,,,,1,,,W,,,FSL,,,,,,MC,,,No Constraints,,,G,,,Va,,,G,,,Fa,,,Fa,,,Fa,,,Pk,,,Pk,,,G,,,Pk,,,G,,,G,,,G,,,G,,,G,,,4010.00894602506,510511.58087231
90323,SILVER CREEK,6,Rossburn-Virden,"1:126,720",2022/11/24 00:00:00+00,Nc,NDL/xcxx,NDL,Newdale,,,xcxx,60,VRC/xbxs,VRC,Varcoe,,,xbxs,20,DRO/xxxx,DRO,Drokan,,,xxxx,20,3.5,1.0,0.5,c,b,x,x,x,x,x,x,x,x,s,x,2,2,2,0.71777999,0.27671,0.21164,23.0,22,22,22,23,20,22,28,22,M,L,N,M,M6-L2-N2,2T,3N,5W,2,3,5,,,,2kx,Bt2,2kx Bt2,Good,3sw,A,3sw A,Fair,4w,A,4w A,Poor,,,,W,I,P,CL,CL,CL,,,,MF,MF,MF,No Constraints,No Constraints,W,,,,,,,,,,,,,,,,,,,,,,,,,,,,,,,,,,,,,,,,,,,,,,4502.26906305681,803328.606857241
87552,COLDWELL,12,Fisher-Teulon,"1:100,000",2022/11/24 00:00:00+00,Is,ISF/xc3x,ISF,Isafold,,,xc3x,100,,,,,,,0,,,,,,,0,3.5,-9.0,-9.0,c,,,3,,,x,,,x,,,2,-,-,0.71777999,0.0,0.0,21.0,24,22,23,23,20,21,57,22,N,N,N,N,N10,4DP,,,4,,,,,,3d,Bt2p,3d Bt2p,Fair,,,,,,,,,,,,W,,,CL,,,,,,MF,,,No Constraints,,,,,,,,,,,,,,,,,,,,,,,,,,,,,,,,,,,,,,,,,,,,,,,,16799.9805166076,4166847.05931481
71846,MINITONAS,R18,Swan Lake,"1:125,000",2022/11/24 00:00:00+00,MWK,MWK/xcxx,MWK,Meadowbrook,,,xcxx,100,,,,,,,0,,,,,,,0,3.5,-9.0,-9.0,c,,,x,,,x,,,x,,,4,-,-,1.57257,0.0,0.0,25.0,22,22,24,23,33,21,64,21,S,N,N,S,S10,2T,,,2,,,,,,4kx,Bt2,4kx Bt2,Poor,,,,,,,,,,,,W,,,C,,,,,,F,,,F,,,,,,,,,,,,,,,,,,,,,,,,,,,,,,,,,,,,,,,,,,,,,,,,24536.1318992097,6919287.17278398
30043,Portage la Prairie,D20,West Portage - MacGregor,"1:20,000",2022/11/24 00:00:00+00,SKL/xcxx,SKL/xcxx,SKL,Skelding,,,xcxx,100,,,,,,,0,,,,,,,0,3.5,-9.0,-9.0,c,,,x,,,x,,,x,,,1.0,,,0.45396,0.0,0.0,21.0,26,22,23,22,21,21,26,24,N,N,N,N,N10,6M,,,6,,,Group 4,,,3m,Bt2,3m Bt2,Fair,,,,,,,,,4,,,R,,,FS,,,,,,CO,,,C,,,Vb,,,Fa,,,G,,,G,,,G,,,G,,,Vks,,,Vk,,,Pq,,,Vk,,,Gg,,,Pm,,,Pm,,,Fs,,,Ps,,,4584.65008008246,246033.978960777
115803,Riverdale,D98,Riverdale,"1:20,000",2022/11/24 00:00:00+00,FND/1dxx,FND/1dxx,FND,Fairland,,,1dxx,100,,,,,,,0,,,,,,,0,-99.0,,-99.0,d,,,x,,,1,,,x,,,,,,-99.0,-99.0,-99.0,-99.0,23,-99,23,23,-99,21,31,22,,,,,,3T,,,3,,,Group 1,,,1,Ct2,1 Ct2,Fair,,,,,,,,,4,,,W,,,L,,,,,,ME,,,,,,Fbt,,,Va,,,Fa,,,Fa,,,Fa,,,Fa,,,Gg,,,Gg,,,G,,,Ptg,,,Fk,,,Pt,,,G,,,G,,,G,,,3701.21866621229,-382170.478890594
76426,GRAHAMDALE,16,Grahamdale,"1:126,720",2022/11/24 00:00:00+00,In:8-Ml(P):2,IWO/xx3x,IWO,Inwood,,,xx3x,80,MEBp/xx3x,MEB,"Meleb, peaty",,p,xx3x,20,,,,,,,0,1.0,0.5,-9.0,x,x,,3,3,,x,x,,x,x,,3,3,-,0.42868,0.32788,0.0,21.0,24,21,23,25,20,21,56,22,N,N,N,N,N8-N2,4DP,6W,,4,6,,,,,3dw,Bp,3dw Bp,Fair,4w,Bp,4w Bp,Poor,,,,,,,,I,VP,,SCL,M,,,,,MF,Om,,No Constraints,W,,,,,,,,,,,,,,,,,,,,,,,,,,,,,,,,,,,,,,,,,,,,,,,9608.33758962455,2662301.26705044
57159,Springfield,D88,Springfield,"1:20,000",2022/11/24 00:00:00+00,BVR5-SUW5,BVR/xxxx,BVR,Beaverdam Lake,,,xxxx,50,SUW/xxxx,SUW,Sundown,,,xxxx,50,,,,,,,0,-99.0,-99.0,-99.0,x,x,,x,x,,x,x,,x,x,,,,,-99.0,-99.0,-99.0,-99.0,24,-99,23,25,-99,21,18,23,,,,,,4M,5W,,4,5,,Group 2,Group 3,,3mx,A,3mx A,Fair,4w,A,4w A,Poor,,,,,5,5.0,,I,P,,SL,LS,,,,,MC,CO,,,,,Pcs,Pcs,,Pax,G,,Fw,Pw,,Pw,Vhw,,Fw,Phw,,Fw,Pw,,Phw,Vwg,,Fwg,Vhk,,Fcs,Vcs,,Pk,Vhk,,Phk,Vhg,,Pq,Pqw,,Fsw,Pw,,Fsw,Pw,,Fw,Pw,,1716.08544158326,170716.196863773
98145,St Clements,15,Lac du Bonnet,"1:126,720",2022/11/24 00:00:00+00,Os/T,KLId/xxxx,KLI,"Kline, drained",,d,xxxx,100,,,,,,,0,,,,,,,0,0.5,-9.0,-9.0,x,,,x,,,x,,,x,,,3.0,-,-,0.32788,0.0,0.0,21.0,23,21,24,26,40,21,40,21,N,N,N,N,N10,3W,,,3,,,,,,4kw,A,4kw A,Poor,,,,,,,,,,,,P,,,C,,,,,,F,,,FW,,,,,,,,,,,,,,,,,,,,,,,,,,,,,,,,,,,,,,,,,,,,,,,,2059.53800229368,114142.659313582
107559,WOODWORTH,6,Rossburn-Virden,"1:126,720",2022/11/24 00:00:00+00,Msh (m),CAV/xcxx,CAV,Carvey,,,xcxx,100,,,,,,,0,,,,,,,0,3.5,-9.0,-9.0,c,,,x,,,x,,,x,,,1,-,-,0.45396,0.0,0.0,21.0,25,22,24,26,31,21,74,22,N,N,N,N,N10,5W,,,5,,,,,,4w,Bt2,4w Bt2,Poor,,,,,,,,,,,,P,,,CL,,,,,,MF,,,W,,,,,,,,,,,,,,,,,,,,,,,,,,,,,,,,,,,,,,,,,,,,,,,,2880.6502529229,133481.163809826
32852,Grey,D60,"Dufferin, Grey, Roland, Thompson, Stanley","1:20,000",2022/11/24 00:00:00+00,LLTp,LLTp/xxxx,LLT,"Lelant, peaty",,p,xxxx,100,,,,,,,0,,,,,,,0,0.5,-9.0,-9.0,x,,,x,,,x,,,x,,,3.0,,,0.32788,0.0,0.0,21.0,26,21,24,27,34,21,34,26,N,N,N,N,N10,6W,,,6,,,Group 4,,,4w,A,4w A,Poor,,,,,,,,,5,,,VP,,,M,,,,,,Om,,,CW,,,Vw,,,Vah,,,Vw,,,Vhw,,,Vaw,,,Vhw,,,Vhw,,,Vkw,,,Vsw,,,Vah,,,Vhg,,,Vsw,,,Vsw,,,Vsw,,,Vs,,,3213.65069791307,208143.547482865
21471,Portage la Prairie,17,Portage la Prairie,"1:20,000",2022/11/24 00:00:00+00,Kn,KLI/xxxx,KLI,Kline,,,xxxx,100,,,,,,,0,,,,,,,0,0.5,-9.0,-9.0,x,,,x,,,x,,,x,,,3.0,,,0.32788,0.0,0.0,21.0,25,21,24,26,40,21,40,21,N,N,N,N,N10,5W,,,5,,,Group 3,,,4kw,A,4kw A,Poor,,,,,,,,,5,,,P,,,C,,,,,,F,,,FW,,,Ps,,,Va,,,Paw,,,Vw,,,Paw,,,Paw,,,Vw,,,Pw,,,Psw,,,Ph,,,Vh,,,Psw,,,Psw,,,Psw,,,Psw,,,2727.79101534631,158479.65204383
84961,Armstrong,12,Fisher-Teulon,"1:100,000",2022/11/24 00:00:00+00,Pe/T,PGU/xx1x,PGU,Peguis,,,xx1x,100,,,,,,,0,,,,,,,0,1.0,-9.0,-9.0,x,,,1,,,x,,,x,,,3,-,-,0.42868,0.0,0.0,23.0,22,21,24,25,33,21,64,21,M,N,N,M,M10,2W,,,2,,,,,,4k,A,4k A,Poor,,,,,,,,,,,,I,,,C,,,,,,F,,,F,,,,,,,,,,,,,,,,,,,,,,,,,,,,,,,,,,,,,,,,,,,,,,,,290.97175148331,1399.55056055258
10662,Killarney - Turtle Mountain,D90,Killarney - Turtle Mountain,"1:50,000",2022/11/24 00:00:00+00,HHY6-WKD4/1cxx-xcxx,HHY/1cxx,HHY,Hathaway,,,1cxx,60,WKD/xcxx,WKD,Waskada,,,xcxx,40,,,,,,,0,-99.0,-99.0,-99.0,c,c,,x,x,,1,x,,x,x,,,,,-99.0,-99.0,-99.0,-99.0,22,-99,22,23,-99,21,28,22,,,,,,2T,2T,,2,2,,Group 1,Group 1,,2kx,Bt2,2kx Bt2,Good,2kx,Bt2,2kx Bt2,Good,,,,,4,4,,W,W,,L,L,,,,,ME,ME,,,,,Fb,G,,Va,Va,,Fa,Fa,,Fa,Fa,,Fa,Fa,,Fa,Fa,,Fs,Fs,,G,G,,G,G,,Fkt,Fkt,,Pk,Pk,,Ft,Ft,,G,G,,G,G,,G,G,,18800.7745032687,-4677169.48793501
108793,SIFTON,6,Rossburn-Virden,"1:126,720",2022/11/24 00:00:00+00,Slfs (m),OKL/xcxs,OKL,Oak Lake,,,xcxs,40,SOU/xxxx,SOU,Souris,,,xxxx,30,MNV/xxxx,MNV,Martinville,,,xxxx,30,3.5,1.0,0.5,c,x,x,x,x,x,x,x,x,s,x,x,3,-,-,1.11198,0.42868,0.32788,21.0,25,22,24,26,34,22,34,24,N,N,N,N,N4-N3-N3,5W,3MW,5W,5,3,5,,,,4w,Bt2,4w Bt2,Poor,2mw,A,2mw A,Good,4w,A,4w A,Poor,,,,P,I,P,LS,LFS,L,,,,CO,CO,ME,CW,C,W,,,,,,,,,,,,,,,,,,,,,,,,,,,,,,,,,,,,,,,,,,,,,,6212.95033786431,1047461.80298314
94577,SHOAL LAKE,6,Rossburn-Virden,"1:126,720",2022/11/24 00:00:00+00,Nc,NDL/xc1x,NDL,Newdale,,,xc1x,60,VRC/xbxs,VRC,Varcoe,,,xbxs,20,DRO/xxxx,DRO,Drokan,,,xxxx,20,3.5,1.0,0.5,c,b,x,1,x,x,x,x,x,x,s,x,2.0,2,2,0.71777999,0.27671,0.21164,23.0,22,22,22,23,20,22,28,22,M,L,N,M,M6-L2-N2,2T,3N,5W,2,3,5,,,,2kx,Bt2,2kx Bt2,Good,3sw,A,3sw A,Fair,4w,A,4w A,Poor,,,,W,I,P,CL,CL,CL,,,,MF,MF,MF,No Constraints,No Constraints,W,,,,,,,,,,,,,,,,,,,,,,,,,,,,,,,,,,,,,,,,,,,,,,2699.16415155841,406654.590257092
61327,St Clements,D14,Winnipeg Region,"1:20,000",2022/11/24 00:00:00+00,Kn,KLId/xxxx,KLI,"Kline, drained",,d,xxxx,100,,,,,,,0,,,,,,,0,0.5,-9.0,-9.0,x,,,x,,,x,,,x,,,3.0,,,0.32788,0.0,0.0,21.0,23,21,24,26,40,21,40,21,N,N,N,N,N10,3W,,,3,,,Group 1,,,4kw,A,4kw A,Poor,,,,,,,,,5,,,P,,,C,,,,,,F,,,FW,,,Ps,,,Va,,,Paw,,,Vw,,,Paw,,,Paw,,,Vw,,,Pw,,,Psw,,,Ph,,,Vh,,,Psw,,,Psw,,,Psw,,,Psw,,,412.119367023949,6464.75136908144
84254,BIFROST,12,Fisher-Teulon,"1:100,000",2022/11/24 00:00:00+00,Cf,CRN/xxxx,CRN,Crane,,,xxxx,50,MEBp/xx1x,MEB,"Meleb, peaty",,p,xx1x,50,,,,,,,0,0.2,0.5,-9.0,x,x,,ORG,1,,ORG,x,,ORG,x,,3,3,-,0.27313,0.32788,0.0,21.0,28,21,25,27,45,21,35,26,N,N,N,N,N5-N5,O5WD,6W,,O5,6,,,,,0,A,0 A,ORG,4w,A,4w A,Poor,,,,,,,,VP,VP,,M,M,,,,,Om,Om,,Organic,W,,,,,,,,,,,,,,,,,,,,,,,,,,,,,,,,,,,,,,,,,,,,,,,2764.03534959048,114147.471936447
65995,Cornwallis,D97,Cornwallis,"1:20,000",2022/11/24 00:00:00+00,SEE/xxxx,SEE/xxxx,SEE,Sewell,,,xxxx,100, , , ,,, ,0, , , ,,, ,0,-99.0,-99.0,-99.0,x,,,x,,,x,,,x,,,,,,-99.0,-99.0,-99.0,,25,-99,24,26,-99,21,34,24,,,,,,5W,,,5,,,Group 3, , ,4w,A,4w A,Poor,,, ,,,,,,5,,,P,,,LFS,,,,,,CO,,,,,,Ps,,,Pa,,,Pw,,,Vhw,,,Phw,,,Pw,,,Vwg,,,Vhk,,,Pqw,,,Vkg,,,Vhg,,,Pw,,,Pw,,,Pw,,,Pw,,,3189.04204281254,330711.649801594
26084,North Norfolk,D80,North Norfolk,"1:20,000",2022/11/24 00:00:00+00,LLT/xxxx,LLT/xxxx,LLT,Lelant,,,xxxx,100,,,,,,,0,,,,,,,0,0.5,-9.0,-9.0,x,,,x,,,x,,,x,,,3.0,,,0.32788,0.0,0.0,21.0,25,21,24,26,34,21,34,23,N,N,N,N,N10,5W,,,5,,,Group 3,,,4w,A,4w A,Poor,,,,,,,,,5,,,P,,,FSL,,,,,,MC,,,CW,,,Ps,,,Pa,,,Pw,,,Vhw,,,Phw,,,Pw,,,Vhw,,,Vhk,,,Pqw,,,Vhk,,,Vhg,,,Pw,,,Pw,,,Pw,,,Pw,,,5442.94026970614,541002.919317288
69940,Whitehead,D99,Whitehead,"1:20,000",2022/11/24 00:00:00+00,TGR/xxxx,TGR/xxxx,TGR,Taggart,,,xxxx,100,,,,,,,0,,,,,,,0,-99.0,,,x,,,x,,,x,,,x,,,,,,,,,,22,-99,22,25,-99,21,31,22,,,,,,2W,,,2,,,Group 1,,,2w,A,2w A,Good,,,,,,,,,3,,,I,,,L,,,,,,ME,,,,,,G,,,Va,,,Faw,,,Pw,,,Faw,,,Faw,,,Pwg,,,Fwg,,,G,,,Fkg,,,Ph,,,Fw,,,Fw,,,Fw,,,Fw,,,7774.10087136341,-663130.221111085
6610,Louise,D83,Louise,"1:50,000",2022/11/24 00:00:00+00,KUD8-DGF2/xxxx-xcxx,KUD/xxxx,KUD,Knudson,,,xxxx,80,DGF/xcxx,DGF,Darlingford,,,xcxx,20,,,,,,,0,0.5,3.5,-9.0,x,c,,x,x,,x,x,,x,x,,3.0,3,,0.32788,1.11198,0.0,23.0,21,21,22,23,20,21,31,22,L,H,N,M,L8-H2,1,2T,,1,2,,Group 1,Group 1,,2kx,A,2kx A,Good,2kx,Bt2,2kx Bt2,Good,,,,,4,4.0,,W,W,,CL,CL,,,,,MF,MF,,No Constraints,No Constraints,,Fs,Fs,,Va,Va,,Fa,Fa,,Fa,Fa,,Fa,Fa,,Fa,Fa,,Fs,Fs,,G,G,,Fs,Fs,,Fak,Fkt,,Pk,Pk,,Fs,Fst,,Fs,Fs,,Fs,Fs,,Fs,Fs,,6988.70010329906,3003368.4903979
86998,ROSSBURN,6,Rossburn-Virden,"1:126,720",2022/11/24 00:00:00+00,P,STD/xdxx,STD,Stead,,,xdxx,100,,,,,,,0,,,,,,,0,7.5,-9.0,-9.0,d,,,ORG,,,ORG,,,ORG,,,2,-,-,1.82463,0.0,0.0,21.0,28,23,25,27,45,21,36,26,N,N,N,N,N10,O4W,,,O4,,,,,,0,Ct2,0 Ct2,ORG,,,,,,,,,,,,VP,,,M,,,,,,Om,,,Organic,,,,,,,,,,,,,,,,,,,,,,,,,,,,,,,,,,,,,,,,,,,,,,,,5257.13384425033,800733.394413948
1686,Lorne,D70,Lorne,"1:50,000",2022/11/24 00:00:00+00,FIR/1cxx,FIR/1cxx,FIR,Firdale,,,1cxx,100,,,,,,,0,,,,,,,0,3.5,-9.0,-9.0,c,,,x,,,1,,,x,,,1.0,,,0.45396,0.0,0.0,23.0,22,22,22,23,20,21,31,22,M,N,N,M,M10,2T,,,2,,,Group 1,,,2k,Bt2,2k Bt2,Good,,,,,,,,,2,,,W,,,L,,,,,,ME,,,No Constraints,,,Fb,,,Va,,,Fa,,,Fa,,,Fa,,,Fa,,,Fs,,,G,,,Fs,,,Fkt,,,Pk,,,Ft,,,G,,,G,,,G,,,2940.18540941146,446169.937473824
14122,Gimli,D23,"Matlock, Gimli, Riverton","1:20,000",2022/11/24 00:00:00+00,FYL,FYLd/xxxx,FYL,"Fyala, drained",,d,xxxx,100,,,,,,,0,,,,,,,0,0.5,-9.0,-9.0,x,,,x,,,x,,,x,,,3.0,,,0.32788,0.0,0.0,21.0,23,21,24,26,40,21,40,21,N,N,N,N,N10,3W,,,3,,,Group 1,,,4kw,A,4kw A,Poor,,,,,,,,,5,,,P,,,C,,,,,,F,,,FW,,,Ps,,,Va,,,Paw,,,Vw,,,Paw,,,Paw,,,Vw,,,Pw,,,Psw,,,G,,,Vhk,,,Psw,,,Psw,,,Psw,,,Psw,,,3864.04414189882,332341.681355259
115647,Riverdale,D98,Riverdale,"1:20,000",2022/11/24 00:00:00+00,VRC6-DRO4/xcxx-xbxx,VRC/xcxx,VRC,Varcoe,,,xcxx,60,DRO/xbxx,DRO,Drokan,,,xbxx,40,,,,,,,0,-99.0,-99.0,-99.0,c,b,,x,x,,x,x,,x,x,,,,,-99.0,-99.0,-99.0,-99.0,22,-99,23,25,-99,21,28,22,,,,,,2WT,5W,,2,5,,Group 1,Group 3,,3w,Bt2,3w Bt2,Fair,4w,A,4w A,Poor,,,,,4,5.0,,I,P,,CL,CL,,,,,MF,MF,,,,,Fbs,Fs,,Va,Va,,Faw,Pw,,Pw,Vw,,Faw,Pw,,Faw,Pw,,Pw,Vhw,,Fw,Pw,,Fs,Pw,,Fkt,Ph,,Phk,Vh,,Ftw,Pw,,Fsw,Pw,,Fsw,Pw,,Fsw,Pw,,2569.74457549984,-255701.5988514
79490,Siglunes,16,Grahamdale,"1:126,720",2022/11/24 00:00:00+00,ZZ,$ZZ/xxxx,$ZZ,Water,,,xxxx,100,,,,,,,0,,,,,,,0,-9.0,-9.0,-9.0,$ZZ,,,$ZZ,,,$ZZ,,,$ZZ,,,3,-,-,0.68329,0.0,0.0,6.0,6,6,6,6,6,6,6,6,,N,N,, 10,$ZZ,,,$ZZ,,,,,,$ZZ,$ZZ,$ZZ,$ZZ,,,,,,,,,,,,$ZZ,,,$ZZ,,,,,,$ZZ,,,Water,,,,,,,,,,,,,,,,,,,,,,,,,,,,,,,,,,,,,,,,,,,,,,,,850.474505183139,47627.9965166422
39390,Albert,20,Boissevain-Melita,"1:20,000",2022/11/24 00:00:00+00,Ok:5-Mh:5,OKL/xxxx,OKL,Oak Lake,,,xxxx,50,$MH/xxxx,$MH,Marsh,,,xxxx,50,,,,,,,0,0.5,0.1,-9.0,x,x,,x,x,,x,x,,x,x,,2.0,2.0,,0.21164,0.16514,0.0,21.0,25,21,24,26,34,21,34,24,N,N,N,N,N5-N5,5W,7W,,5,7.0,,Group 3,Group 4,,4w,A,4w A,Poor,4wx,Di,4wx Di,Poor,,,,,5,5.0,,P,VP,,LS,L,,,MU,,CO,ME,,CW,Marsh,,Ps,Vw,,Pa,Vah,,Pw,Vhw,,Vhw,Vhw,,Phw,Vhw,,Pw,Vaw,,Vwg,Vhw,,Vhk,Vhw,,Pqw,Vw,,Vhk,Vhi,,Vhg,Vhi,,Pw,Vsw,,Pw,Vsw,,Pw,Vsw,,Pw,Vw,,2508.86305947042,132290.703521803
96539,LANSDOWNE,8,West-Lake,"1:126,720",2022/11/24 00:00:00+00,Ag,ASZ/xbxx,ASZ,Agassiz,,,xbxx,100,,,,,,,0,,,,,,,0,1.0,-9.0,-9.0,b,,,x,,,x,,,x,,,2.0,-,-,0.27671,0.0,0.0,21.0,25,21,24,22,21,21,18,24,N,N,N,N,N10,5M,,,5,,,,,,4m,A,4m A,Poor,,,,,,,,,,,,R,,,LS,,,,,,CO,,,C,,,,,,,,,,,,,,,,,,,,,,,,,,,,,,,,,,,,,,,,,,,,,,,,877.44184416861,4437.98708706308
107581,Reynolds,15,Lac du Bonnet,"1:126,720",2022/11/24 00:00:00+00,DP,BYH/xxxx,BYH,Baynham,,,xxxx,50,KMK/xxxx,KMK,Katimik,,,xxxx,30,STD/xxxx,STD,Stead,,,xxxx,20,0.2,0.2,0.2,x,x,x,ORG,ORG,ORG,ORG,ORG,ORG,ORG,ORG,ORG,3,3,3,0.27313,0.27313,0.27313,21.0,28,21,25,27,45,21,69,26,N,N,N,N,N5-N3-N2,O5W1,O4W,O4W,O5,O4,O4,,,,0,A,0 A,ORG,0,A,0 A,ORG,0,A,0 A,ORG,,,,VP,VP,VP,F,F,M,,,,Of,Of,Om,Organic,Organic,Organic,,,,,,,,,,,,,,,,,,,,,,,,,,,,,,,,,,,,,,,,,,,,,,1572.7143281322,178638.239766237
100228,St Clements,15,Lac du Bonnet,"1:126,720",2022/11/24 00:00:00+00,Fr,FMS/xbxx,FMS,Framnes,,,xbxx,100,,,,,,,0,,,,,,,0,1.0,-9.0,-9.0,b,,,x,,,x,,,x,,,3.0,-,-,0.42868,0.0,0.0,23.0,22,21,24,25,33,21,64,21,M,N,N,M,M10,2W,,,2,,,,,,4k,A,4k A,Poor,,,,,,,,,,,,I,,,C,,,,,,F,,,F,,,,,,,,,,,,,,,,,,,,,,,,,,,,,,,,,,,,,,,,,,,,,,,,3934.40764251544,329579.590999411
112937,Franklin,5,Winnipeg-Morris,"1:126,720",2022/11/24 00:00:00+00,ZZ,$ZZ/xxxx,$ZZ,Water,,,xxxx,100,,,,,,,0,,,,,,,0,-9.0,-9.0,-9.0,$ZZ,,,$ZZ,,,$ZZ,,,$ZZ,,,3,-,-,0.68329,0.0,0.0,6.0,6,6,6,6,6,6,6,6,,N,N,, 10,$ZZ,,,$ZZ,,,,,,$ZZ,$ZZ,$ZZ,$ZZ,,,,,,,,,,,,$ZZ,,,$ZZ,,,,,,$ZZ,,,Water,,,,,,,,,,,,,,,,,,,,,,,,,,,,,,,,,,,,,,,,,,,,,,,,28717.2113789271,901506.105185441
92630,St Laurent,12,Fisher-Teulon,"1:100,000",2022/11/24 00:00:00+00,ZZ,$ZZ/xxxx,$ZZ,Water,,,xxxx,100,,,,,,,0,,,,,,,0,-9.0,-9.0,-9.0,$ZZ,,,$ZZ,,,$ZZ,,,$ZZ,,,,,,0.68329,0.0,0.0,6.0,6,6,6,6,6,6,6,6,,N,N,, 10,$ZZ,,,$ZZ,,,,,,$ZZ,$ZZ,$ZZ,$ZZ,,,,,,,,,,,,$ZZ,,,$ZZ,,,,,,$ZZ,,,Water,,,,,,,,,,,,,,,,,,,,,,,,,,,,,,,,,,,,,,,,,,,,,,,,915.668835953822,58250.3612999811
28256,North Norfolk,D80,North Norfolk,"1:20,000",2022/11/24 00:00:00+00,LLT/xxxx,LLT/xxxx,LLT,Lelant,,,xxxx,100,,,,,,,0,,,,,,,0,0.5,-9.0,-9.0,x,,,x,,,x,,,x,,,3.0,,,0.32788,0.0,0.0,21.0,25,21,24,26,34,21,34,23,N,N,N,N,N10,5W,,,5,,,Group 3,,,4w,A,4w A,Poor,,,,,,,,,5,,,P,,,FSL,,,,,,MC,,,CW,,,Ps,,,Pa,,,Pw,,,Vhw,,,Phw,,,Pw,,,Vhw,,,Vhk,,,Pqw,,,Vhk,,,Vhg,,,Pw,,,Pw,,,Pw,,,Pw,,,1756.24232491051,148501.423532296
3843,Lorne,D70,Lorne,"1:50,000",2022/11/24 00:00:00+00,ERX,$ER/xgxx,$ER,Eroded Slope Complex,,,xgxx,100,,,,,,,0,,,,,,,0,37.5,-9.0,-9.0,g,,,$ER,,,3,,,x,,,3.0,,,40.067532,0.0,0.0,25.0,26,26,24,22,24,21,19,7,S,N,N,S,S10,6T,,,6,,,Group 4,,,4m,Dt2,4m Dt2,Poor,,,,,,,,,5,,,R,,,$ER,,,,,,$ER,,,Eroded slopes,,,Vt,,,Va,,,Pt,,,Vt,,,Vt,,,Vt,,,Vd,,,Vkt,,,Vt,,,Vt,,,Vt,,,Vt,,,Vt,,,Vt,,,Pt,,,7619.46347009944,1576098.77337714
4815,Argyle,D84,Argyle RM,"1:50,000",2022/11/24 00:00:00+00,BWO4-HKS3-MHC3/xxxs-xxxs-xxxx,BWO/xxxs,BWO,Barwood,,,xxxs,40,HKS/xxxs,HKS,Hickson,,,xxxs,30,$MH/xxxx,$MH,Marsh,,,xxxx,30,0.5,0.5,0.1,x,x,x,x,x,x,x,x,x,s,s,x,3.0,3,3,0.32788,0.32788,0.25584,21.0,23,21,23,25,20,22,57,22,L,N,N,N,L4-N3-N3,3N,5W,7W,3,5,7.0,Group 1,Group 3,Group 4,3sw,A,3sw A,Fair,4w,A,4w A,Poor,4wx,Di,4wx Di,Poor,4,5.0,5.0,I,P,VP,L,L,L,,,MU,ME,ME,ME,No Constraints,W,Marsh,Pn,Pn,Vw,Va,Va,Vah,Faw,Pw,Vhw,Pw,Vw,Vhw,Faw,Pw,Vhw,Faw,Pw,Vaw,Pw,Vhw,Vhw,Fw,Pw,Vhw,Fs,Pw,Vw,Fak,Ph,Vhi,Phk,Vh,Vhi,Fnw,Pw,Vsw,Fnw,Pw,Vsw,Fnw,Pw,Vsw,Fsw,Pw,Vw,15267.4160691163,2494604.80753005
40703,Cameron,20,Boissevain-Melita,"1:20,000",2022/11/24 00:00:00+00,Fx,FFX/xxxx,FFX,Fairfax,,,xxxx,100,,,,,,,0,,,,,,,0,0.5,-9.0,-9.0,x,,,x,,,x,,,x,,,2.0,,,0.21164,0.0,0.0,21.0,25,21,24,26,31,21,38,22,N,N,N,N,N10,5W,,,5,,,Group 3,,,4w,A,4w A,Poor,,,,,,,,,5,,,P,,,CL,,,,,,MF,,,W,,,Fs,,,Va,,,Pw,,,Vw,,,Pw,,,Pw,,,Vhw,,,Pw,,,Pw,,,Ph,,,Vh,,,Pw,,,Pw,,,Pw,,,Pw,,,644.496114474568,25401.4828355416
85857,RUSSELL,6,Rossburn-Virden,"1:126,720",2022/11/24 00:00:00+00,N,NDL/xcxx,NDL,Newdale,,,xcxx,70,ANL/xbxx,ANL,Angusville,,,xbxx,20,PEN/xxxx,PEN,Penrith,,,xxxx,10,3.5,1.0,0.5,c,b,x,x,x,x,x,x,x,x,x,x,2,2,2,0.71777999,0.27671,0.21164,23.0,22,22,22,23,20,21,28,22,M,L,N,M,M7-L2-N1,2T,2W,5W,2,2,5.0,,,,2kx,Bt2,2kx Bt2,Good,3kw,A,3kw A,Fair,4w,A,4w A,Poor,,,,W,I,P,CL,L,L,,,,MF,ME,ME,No Constraints,No Constraints,W,,,,,,,,,,,,,,,,,,,,,,,,,,,,,,,,,,,,,,,,,,,,,,3371.16015324093,756147.326078178
48523,Morton,20,Boissevain-Melita,"1:20,000",2022/11/24 00:00:00+00,Hc/b,HRY/xbxs,HRY,Hartney,,,xbxs,100,,,,,,,0,,,,,,,0,1.0,-9.0,-9.0,b,,,x,,,x,,,s,,,4.0,,,0.60624999,0.0,0.0,24.0,23,21,23,25,20,22,31,22,H,N,N,H,H10,3N,,,3,,,Group 1,,,3s,A,3s A,Fair,,,,,,,,,4,,,I,,,L,,,,,,ME,,,No Constraints,,,Pn,,,Va,,,Faw,,,Pw,,,Faw,,,Faw,,,Pw,,,Fw,,,G,,,Fak,,,Ph,,,Fnw,,,Fnw,,,Fnw,,,Fw,,,14505.0795484103,3429314.80508269
34501,Grey,D60,"Dufferin, Grey, Roland, Thompson, Stanley","1:20,000",2022/11/24 00:00:00+00,ASS7-SUE3,ASS/xxxx,ASS,Almasippi,,,xxxx,70,SUE/xxxx,SUE,St Claude,,,xxxx,30,,,,,,,0,0.5,0.5,-9.0,x,x,,x,x,,x,x,,x,x,,3.0,3,,0.32788,0.32788,0.0,21.0,23,21,22,25,21,21,21,24,N,L,N,N,N7-L3,3MW,3W,,3,3,,Group 2,Group 1,,2mw,A,2mw A,Good,3w,A,3w A,Fair,,,,,3,3.0,,I,I,,LFS,FSL,,,,,CO,MC,,C,No Constraints,,Ps,Fb,,Pa,Paq,,Fw,Faw,,Pw,Pw,,Fw,Pf,,Fw,Pf,,Vks,Vhs,,Vk,Phk,,Pq,G,,Vk,Vk,,Fhg,Phg,,Fsw,Pw,,Fsw,Pw,,Fsw,Pw,,Fw,Fsw,,6125.29676020479,1726817.2548053
4795,Louise,D83,Louise,"1:50,000",2022/11/24 00:00:00+00,HOS,HOS/xxxx,HOS,Horose,,,xxxx,100,,,,,,,0,,,,,,,0,0.5,-9.0,-9.0,x,,,x,,,x,,,x,,,3.0,,,0.32788,0.0,0.0,21.0,25,21,24,26,31,21,29,22,N,N,N,N,N10,5W,,,5,,,Group 3,,,4w,A,4w A,Poor,,,,,,,,,5,,,P,,,CL,,,,,,MF,,,W,,,Fs,,,Va,,,Pw,,,Vw,,,Pw,,,Pw,,,Vhw,,,Pw,,,Pw,,,Ph,,,Vh,,,Pw,,,Pw,,,Pw,,,Pw,,,1476.57118885352,144352.205306681
36784,Dufferin,D60,"Dufferin, Grey, Roland, Thompson, Stanley","1:20,000",2022/11/24 00:00:00+00,SUE7-LLTd3,SUE/xxxx,SUE,St Claude,,,xxxx,70,LLTd/xxxx,LLT,"Lelant, drained",,d,xxxx,30,,,,,,,0,0.5,0.5,-9.0,x,x,,x,x,,x,x,,x,x,,3.0,3,,0.32788,0.32788,0.0,21.0,23,21,23,25,20,21,31,23,L,N,N,N,L7-N3,3W,4W,,3,4,,Group 1,Group 2,,3w,A,3w A,Fair,4w,A,4w A,Poor,,,,,3,5.0,,I,P,,FSL,FSL,,,,,MC,MC,,No Constraints,CW,,Fb,Ps,,Paq,Pa,,Faw,Pw,,Pw,Vhw,,Pf,Phw,,Pf,Pw,,Vhs,Vhw,,Phk,Vk,,G,Pqw,,Vk,Vhk,,Phg,Vhg,,Pw,Pw,,Pw,Pw,,Pw,Pw,,Fsw,Pw,,4460.02653120292,943000.264452298
74988,LAWRENCE,21,Ste. Rose du Lac,"1:125,000",2022/11/24 00:00:00+00,Fd:7-In:3,FFD/xc3x,FFD,Fairford,,,xc3x,70,IWO/xx3x,IWO,Inwood,,,xx3x,30,,,,,,,0,3.5,1.0,-9.0,c,x,,3,3,,x,x,,x,x,,2,3,-,0.71777999,0.42868,0.0,21.0,24,22,23,23,20,21,56,22,N,N,N,N,N7-N3,4DP,4DP,,4,4,,,,,3d,Bt2p,3d Bt2p,Fair,3dw,Bp,3dw Bp,Fair,,,,,,,,W,I,,L,SCL,,,,,ME,MF,,No Constraints,No Constraints,,,,,,,,,,,,,,,,,,,,,,,,,,,,,,,,,,,,,,,,,,,,,,,10805.7253334323,1514999.8587743
1835,Argyle,D84,Argyle RM,"1:50,000",2022/11/24 00:00:00+00,CXT1,CXT1/xxxx,CXT,"Capell, shaly variant",1.0,,xxxx,100,,,,,,,0,,,,,,,0,0.5,-9.0,-9.0,x,,,x,,,x,,,x,,,3.0,,,0.32788,0.0,0.0,21.0,22,21,23,25,20,21,72,22,N,N,N,N,N10,2M,,,2,,,Group 1,,,3w,A,3w A,Fair,,,,,,,,,3,,,I,,,SCL,,,,,,MF,,,No Constraints,,,Fbs,,,Pa,,,Fw,,,Pw,,,Faw,,,Faw,,,Vks,,,Pkg,,,Pcq,,,Vak,,,Phg,,,Fsw,,,Fsw,,,Fsw,,,Fsw,,,6086.78799124526,1124589.99226135
97959,Rockwood,12,Fisher-Teulon,"1:100,000",2022/11/24 00:00:00+00,Ba,BAMd/xxxx,BAM,"Balmoral, drained",,d,xxxx,50,BAM/xxxx,BAM,Balmoral,,,xxxx,50,,,,,,,0,0.5,0.5,-9.0,x,x,,x,x,,x,x,,x,x,,3.0,3,-,0.32788,0.32788,0.0,21.0,23,21,24,26,31,21,38,22,N,N,N,N,N5-N5,3W,5W,,3,5,,,,,4w,A,4w A,Poor,4w,A,4w A,Poor,,,,,,,,P,P,,CL,CL,,,,,MF,MF,,W,W,,,,,,,,,,,,,,,,,,,,,,,,,,,,,,,,,,,,,,,,,,,,,,,6621.93527292632,2833199.38068331
71992,MOSSEY RIVER,R21,Cormorant,"1:125,000",2022/11/24 00:00:00+00,In:6-Ml(P):4,IWO/xx3x,IWO,Inwood,,,xx3x,60,MEBp/xx3x,MEB,"Meleb, peaty",,p,xx3x,40,,,,,,,0,0.5,0.5,-9.0,x,x,,3,3,,x,x,,x,x,,3,3,-,0.32788,0.32788,0.0,21.0,24,21,23,25,20,21,56,22,N,N,N,N,N6-N4,4DP,6W,,4,6,,,,,3dw,Bp,3dw Bp,Fair,4w,Bp,4w Bp,Poor,,,,,,,,I,VP,,SCL,M,,,,,MF,Om,,No Constraints,W,,,,,,,,,,,,,,,,,,,,,,,,,,,,,,,,,,,,,,,,,,,,,,,6449.39054948193,1723859.98223284
2079,Whitewater,20,Boissevain-Melita,"1:40,000",2022/11/24 00:00:00+00,Ry:5-Hw:5/2d,RYS/2dxx,RYS,Ryerson,,,2dxx,50,HHY/2dxx,HHY,Hathaway,,,2dxx,50,,,,,,,0,7.5,7.5,-9.0,d,d,,x,x,,2,2,,x,x,,2.0,2,,1.82463,1.82463,0.0,25.0,23,23,23,23,24,21,28,22,S,S,N,S,S5-S5,3TE,3TE,,3,3,,Group 1,Group 1,,2kx,Ct2,2kx Ct2,Fair,2kx,Ct2,2kx Ct2,Fair,,,,,4,4.0,,W,W,,L,L,,,,,ME,ME,,T,No Constraints,,Pb,Vb,,Va,Va,,Fa,Fa,,Fa,Fa,,Fa,Fa,,Fa,Fa,,Fs,Fs,,G,G,,Fs,Fs,,Pt,Pt,,Pk,Pk,,Pt,Pt,,Fs,Fs,,Fs,Fs,,Fs,Fs,,2981.66644081558,308942.593264267
39256,Dufferin,D60,"Dufferin, Grey, Roland, Thompson, Stanley","1:20,000",2022/11/24 00:00:00+00,ASS,ASS/xxxx,ASS,Almasippi,,,xxxx,100,,,,,,,0,,,,,,,0,0.5,-9.0,-9.0,x,,,x,,,x,,,x,,,3.0,,,0.32788,0.0,0.0,21.0,23,21,22,25,21,21,21,24,N,N,N,N,N10,3MW,,,3,,,Group 2,,,2mw,A,2mw A,Good,,,,,,,,,3,,,I,,,LFS,,,,,,CO,,,C,,,Ps,,,Pa,,,Fw,,,Pw,,,Fw,,,Fw,,,Vks,,,Vk,,,Pq,,,Vk,,,Fhg,,,Fsw,,,Fsw,,,Fsw,,,Fw,,,3135.69224875918,294552.1159727
95993,HARRISON,6,Rossburn-Virden,"1:126,720",2022/11/24 00:00:00+00,ZZ,$ZZ/xxxx,$ZZ,Water,,,xxxx,100,,,,,,,0,,,,,,,0,-9.0,-9.0,-9.0,$ZZ,,,$ZZ,,,$ZZ,,,$ZZ,,,,,,0.44106001,0.0,0.0,6.0,6,6,6,6,6,6,6,6,,N,N,, 10,$ZZ,,,$ZZ,,,,,,$ZZ,$ZZ,$ZZ,$ZZ,,,,,,,,,,,,$ZZ,,,$ZZ,,,,,,$ZZ,,,Water,,,,,,,,,,,,,,,,,,,,,,,,,,,,,,,,,,,,,,,,,,,,,,,,5539.22410367396,650632.536495429
85244,Armstrong,12,Fisher-Teulon,"1:100,000",2022/11/24 00:00:00+00,In,IWO/xx3x,IWO,Inwood,,,xx3x,100,,,,,,,0,,,,,,,0,1.0,-9.0,-9.0,x,,,3,,,x,,,x,,,3,-,-,0.42868,0.0,0.0,21.0,24,21,23,25,20,21,56,22,N,N,N,N,N10,4DP,,,4,,,,,,3dw,Bp,3dw Bp,Fair,,,,,,,,,,,,I,,,SCL,,,,,,MF,,,No Constraints,,,,,,,,,,,,,,,,,,,,,,,,,,,,,,,,,,,,,,,,,,,,,,,,11583.13629125,4156235.95200245
58285,Springfield,D88,Springfield,"1:20,000",2022/11/24 00:00:00+00,GUO,GUO/xxxx,GUO,Gunton,,,xxxx,100,,,,,,,0,,,,,,,0,-99.0,-99.0,-99.0,x,,,x,,,x,,,x,,,,,,-99.0,-99.0,-99.0,-99.0,25,-99,24,23,-99,21,18,24,,,,,,5M,,,5,,,Group 3,,,4m,A,4m A,Poor,,,,,,,,,5,,,W,,,LS,,,,,,CO,,,,,,Ps,,,Fax,,,G,,,Fa,,,G,,,G,,,Fsg,,,Gg,,,Fcs,,,Pk,,,Pk,,,Pq,,,Fms,,,Fs,,,G,,,5103.28901647449,429021.518365843
36165,Victoria,D75,Victoria RM,"1:20,000",2022/11/24 00:00:00+00,JIK/xcxx,JIK/xcxx,JIK,Janick,,,xcxx,100,,,,,,,0,,,,,,,0,3.5,-9.0,-9.0,c,,,x,,,x,,,x,,,1.0,,,0.45396,0.0,0.0,23.0,22,22,24,23,33,21,33,21,M,N,N,M,M10,2T,,,2,,,Group 1,,,4kx,Bt2,4kx Bt2,Poor,,,,,,,,,5,,,W,,,C,,,,,,F,,,F,,,Ps,,,Va,,,Pa,,,Pa,,,Pa,,,Pa,,,Ps,,,G,,,Ps,,,Ft,,,Vk,,,Fst,,,Fs,,,Fks,,,Fs,,,1008.9388323572,50129.2975874288
71387,MINITONAS,R18,Swan Lake,"1:125,000",2022/11/24 00:00:00+00,LSD7-MNT3,LSD/xbxx,LSD,Lonesand,,,xbxx,70,MNT/xxxx,MNT,Malonton,,,xxxx,30,,,,,,,0,1.0,0.5,-9.0,b,x,,x,x,,x,x,,x,x,,3,3,-,0.42868,0.32788,0.0,21.0,24,21,22,25,21,21,21,24,N,N,N,N,N7-N3,4M,5W,,4,5,,,,,2mw,A,2mw A,Good,4w,A,4w A,Poor,,,,,,,,I,P,,FS,FSL,,,,,CO,MC,,C,CW,,,,,,,,,,,,,,,,,,,,,,,,,,,,,,,,,,,,,,,,,,,,,,,9993.80951175834,1954305.51989421
24158,Cartier,D14,Winnipeg Region,"1:20,000",2022/11/24 00:00:00+00,Ft,FTE/xxxx,FTE,Fortier,,,xxxx,100,,,,,,,0,,,,,,,0,0.5,-9.0,-9.0,x,,,x,,,x,,,x,,,3.0,,,0.32788,0.0,0.0,22.0,22,21,23,25,33,21,33,22,L,N,N,L,L10,2W,,,2,,,Group 1,,,3kw,Bi,3kw Bi,Fair,,,,,,,,,5,,,I,,,SiC,,,,,,F,,,F,,,Ps,,,Va,,,Pa,,,Paw,,,Pai,,,Pai,,,Psw,,,Fw,,,Ps,,,Vi,,,Vk,,,Psw,,,Psw,,,Pks,,,Ps,,,11660.1241230098,1329145.82168141
4821,Stuartburn,D49,"Ste. Anne, La Broquerie, Part of LGD Stuartburn","1:50,000",2022/11/24 00:00:00+00,PAN4-PPL4-MNT2,PAN/xxxx,PAN,Pansy,,,xxxx,40,PPL/xxxx,PPL,Poppleton,,,xxxx,40,MNT/xxxx,MNT,Malonton,,,xxxx,20,0.5,0.5,0.5,x,x,x,x,x,x,x,x,x,x,x,x,3.0,3,3,0.32788,0.32788,0.32788,21.0,24,21,22,25,21,21,21,24,N,N,N,N,N4-N4-N2,4M,3MW,5W,4,3,5.0,Group 2,Group 2,Group 3,2mw,A,2mw A,Good,2mw,A,2mw A,Good,4w,A,4w A,Poor,3,3.0,5.0,I,I,P,FS,LFS,FSL,,,,CO,CO,MC,C,C,CW,Pbs,Ps,Ps,Pa,Pa,Pa,Fw,Fw,Pw,Pw,Pw,Vhw,Fw,Fw,Phw,Fw,Fw,Pw,Vks,Vks,Vhw,Vk,Vk,Vhk,Pq,Pq,Pqw,Vk,Vk,Vhk,Phg,Phg,Vhg,Fsw,Fsw,Pw,Fsw,Fsw,Pw,Fsw,Fsw,Pw,Ps,Fw,Pw,108018.665751053,53541617.2028703
91185,Park South,6,Rossburn-Virden,"1:126,720",2022/11/24 00:00:00+00,W,WTV/1f1x,WTV,Waitville,,,1f1x,70,TEK/xc1x,TEK,Tee Lake,,,xc1x,20,SNT/xx1x,SNT,Sinnott,,,xx1x,10,22.5,3.5,0.5,f,c,x,1,1,1,1,x,x,x,x,x,2.0,2,2,10.37256,0.71777999,0.21164,25.0,25,25,24,23,24,21,51,22,S,S,N,S,S7-S2-N1,5T,3X,5W,5,3,5,,,,2kx,Dt2,2kx Dt2,Poor,3w,Bt2,3w Bt2,Fair,4w,A,4w A,Poor,,,,W,I,P,L,L,CL,,,,ME,ME,MF,T,No Constraints,W,,,,,,,,,,,,,,,,,,,,,,,,,,,,,,,,,,,,,,,,,,,,,,2294.65908117715,183727.599536395
91626,BIRTLE,6,Rossburn-Virden,"1:126,720",2022/11/24 00:00:00+00,Nc (m),DRO/xcxx,DRO,Drokan,,,xcxx,100,,,,,,,0,,,,,,,0,3.5,-9.0,-9.0,c,,,x,,,x,,,x,,,2.0,-,-,0.71777999,0.0,0.0,21.0,25,22,24,26,31,21,29,22,N,N,N,N,N10,5W,,,5,,,,,,4w,Bt2,4w Bt2,Poor,,,,,,,,,,,,P,,,CL,,,,,,MF,,,W,,,,,,,,,,,,,,,,,,,,,,,,,,,,,,,,,,,,,,,,,,,,,,,,3303.52914483823,316819.736039696
14018,Gimli,D23,"Matlock, Gimli, Riverton","1:20,000",2022/11/24 00:00:00+00,MEB/xx3x,MEB/xx3x,MEB,Meleb,,,xx3x,100,,,,,,,0,,,,,,,0,0.5,-9.0,-9.0,x,,,3,,,x,,,x,,,3.0,,,0.32788,0.0,0.0,21.0,25,21,24,26,31,21,62,22,N,N,N,N,N10,5W,,,5,,,Group 3,,,4w,Bp,4w Bp,Poor,,,,,,,,,5,,,P,,,CL,,,,,,MF,,,W,,,Pp,,,Va,,,Pw,,,Vw,,,Pw,,,Pw,,,Vhw,,,Pw,,,Ppw,,,Ph,,,Vh,,,Ppw,,,Pw,,,Ppw,,,Pw,,,2775.85859375948,107983.159418772
102368,Woodlands,12,Fisher-Teulon,"1:100,000",2022/11/24 00:00:00+00,Mh,$MH/xx1x,$MH,Marsh,,,xx1x,100,,,,,,,0,,,,,,,0,0.1,-9.0,-9.0,x,,,1,,,x,,,x,,,3.0,-,-,0.25584,0.0,0.0,21.0,27,21,24,27,13,21,49,22,N,N,N,N,N10,7W,,,7,,,,,,4wx,Di,4wx Di,Poor,,,,,,,,,,,,VP,,,L,,,MU,,,ME,,,Marsh,,,,,,,,,,,,,,,,,,,,,,,,,,,,,,,,,,,,,,,,,,,,,,,,2189.6532942106,85954.4245883454
54656,South Cypress,D87,South Cypress,"1:20,000",2022/11/24 00:00:00+00,SHX/xhxx,SHX/xhxx,SHX,Shilox,,,xhxx,100,,,,,,,0,,,,,,,0,-99.0,-99.0,-99.0,h,,,x,,,x,,,x,,,,,,-99.0,-99.0,-99.0,-99.0,27,-99,24,22,-99,21,26,24,,,,,,7T,,,7,,,Group 4,,,3m,Dt2,3m Dt2,Poor,,,,,,,,,5,,,R,,,FS,,,,,,CO,,,,,,Vbt,,,Fa,,,Vt,,,Vt,,,Vt,,,Vt,,,Vkt,,,Vkt,,,Vt,,,Vkt,,,Vtg,,,Vt,,,Vt,,,Vt,,,Vt,,,13902.7962637695,-2985915.18975528
1818,Strathcona,D86,Strathcona RM,"1:50,000",2022/11/24 00:00:00+00,BSF/xxxs,BSF/xxxs,BSF,Beresford,,,xxxs,100,,,,,,,0,,,,,,,0,0.5,-9.0,-9.0,x,,,x,,,x,,,s,,,3.0,-,-,0.32788,0.0,0.0,22.0,23,21,23,25,20,22,31,22,L,N,N,L,L10,3N,,,3,,,Group 1,,,3sw,A,3sw A,Fair,,,,,,,,,4,,,I,,,CL,,,,,,MF,,,No Constraints,,,Pn,,,Va,,,Faw,,,Pw,,,Faw,,,Faw,,,Pw,,,Fw,,,Fs,,,Fak,,,Phk,,,Fnw,,,Fnw,,,Fnw,,,Fsw,,,2839.32024375557,290380.299432142
90500,Park South,6,Rossburn-Virden,"1:126,720",2022/11/24 00:00:00+00,W (m),SNT/xcxx,SNT,Sinnott,,,xcxx,100,,,,,,,0,,,,,,,0,3.5,-9.0,-9.0,c,,,x,,,x,,,x,,,2,-,-,0.71777999,0.0,0.0,21.0,25,22,24,26,31,21,29,22,N,N,N,N,N10,5W,,,5,,,,,,4w,Bt2,4w Bt2,Poor,,,,,,,,,,,,P,,,CL,,,,,,MF,,,W,,,,,,,,,,,,,,,,,,,,,,,,,,,,,,,,,,,,,,,,,,,,,,,,7624.47033377932,704841.078034505
91340,BIRTLE,6,Rossburn-Virden,"1:126,720",2022/11/24 00:00:00+00,Nc,NDL/xc1x,NDL,Newdale,,,xc1x,60,VRC/xbxs,VRC,Varcoe,,,xbxs,20,DRO/xxxx,DRO,Drokan,,,xxxx,20,3.5,1.0,0.5,c,b,x,1,x,x,x,x,x,x,s,x,3.0,3,3,1.11198,0.42868,0.32788,23.0,22,22,22,23,20,22,28,22,H,L,N,M,H6-L2-N2,2T,3N,5W,2,3,5,,,,2kx,Bt2,2kx Bt2,Good,3sw,A,3sw A,Fair,4w,A,4w A,Poor,,,,W,I,P,CL,CL,CL,,,,MF,MF,MF,No Constraints,No Constraints,W,,,,,,,,,,,,,,,,,,,,,,,,,,,,,,,,,,,,,,,,,,,,,,8420.27439509081,3104724.61980959
50100,Stanley,18,"Morden, Winkler","1:20,000",2022/11/24 00:00:00+00,Hb,HHF/xxxx,HHF,Hochfeld,,,xxxx,100,,,,,,,0,,,,,,,0,0.5,-9.0,-9.0,x,,,x,,,x,,,x,,,3,,,0.32788,0.0,0.0,23.0,23,21,21,23,20,21,30,23,M,N,N,M,M10,3M,,,3,,,Group 2,,,1,A,1 A,Excellent,,,,,,,,,1,,,W,,,FSL,,,,,,MC,,,No Constraints,,,G,,,Va,,,G,,,Fa,,,Fa,,,Fa,,,Pk,,,Pk,,,G,,,Pk,,,G,,,G,,,G,,,G,,,G,,,8786.97058651773,2207802.25106231
57115,Springfield,D88,Springfield,"1:20,000",2022/11/24 00:00:00+00,RIV,RIV/xxxx,RIV,Red River,,,xxxx,100,,,,,,,0,,,,,,,0,-99.0,-99.0,-99.0,x,,,x,,,x,,,x,,,,,,-99.0,-99.0,-99.0,-99.0,22,-99,24,25,-99,21,33,21,,,,,,2W,,,2,,,Group 1,,,4kx,A,4kx A,Poor,,,,,,,,,5,,,I,,,C,,,,,,F,,,,,,Ps,,,Va,,,Pal,,,Paw,,,Pa,,,Pa,,,Psw,,,Fw,,,Ps,,,G,,,Vk,,,Pks,,,Psw,,,Pks,,,Ps,,,1332.99146870402,108424.966004039
78244,ALONSA,16,Grahamdale,"1:126,720",2022/11/24 00:00:00+00,Fd:7-In:3,FFD/xc3x,FFD,Fairford,,,xc3x,70,IWO/xx3x,IWO,Inwood,,,xx3x,30,,,,,,,0,3.5,1.0,-9.0,c,x,,3,3,,x,x,,x,x,,2,3,-,0.71777999,0.42868,0.0,21.0,24,22,23,23,20,21,56,22,N,N,N,N,N7-N3,4DP,4DP,,4,4,,,,,3d,Bt2p,3d Bt2p,Fair,3dw,Bp,3dw Bp,Fair,,,,,,,,W,I,,L,SCL,,,,,ME,MF,,No Constraints,No Constraints,,,,,,,,,,,,,,,,,,,,,,,,,,,,,,,,,,,,,,,,,,,,,,,1992.59615059652,152471.81569059
4917,Stuartburn,D49,"Ste. Anne, La Broquerie, Part of LGD Stuartburn","1:50,000",2022/11/24 00:00:00+00,WOG,WOG/xxxx,WOG,Woodridge,,,xxxx,100,,,,,,,0,,,,,,,0,0.5,-9.0,-9.0,x,,,x,,,x,,,x,,,3.0,,,0.32788,0.0,0.0,21.0,25,21,24,22,21,21,18,24,N,N,N,N,N10,5M,,,5,,,Group 3,,,4m,A,4m A,Poor,,,,,,,,,5,,,R,,,LS,,,,,,CO,,,C,,,Pcs,,,G,,,G,,,G,,,G,,,G,,,Vks,,,Vkg,,,Vcs,,,Vck,,,Gg,,,Pq,,,Fms,,,Fs,,,G,,,2233.60252248865,155946.711721918
40615,Cameron,20,Boissevain-Melita,"1:20,000",2022/11/24 00:00:00+00,Lr,LUD/xxxx,LUD,Lauder,,,xxxx,100,,,,,,,0,,,,,,,0,0.5,-9.0,-9.0,x,,,x,,,x,,,x,,,3.0,,,0.32788,0.0,0.0,21.0,23,21,22,25,21,21,21,24,N,N,N,N,N10,3MW,,,3,,,Group 2,,,2mw,A,2mw A,Good,,,,,,,,,3,,,I,,,LFS,,,,,,CO,,,C,,,Ps,,,Pa,,,Fw,,,Pw,,,Fw,,,Fw,,,Vks,,,Vk,,,Pq,,,Vk,,,Fhg,,,Fsw,,,Fsw,,,Fsw,,,Fw,,,2402.62638463166,204360.958412418
5961,Louise,D83,Louise,"1:50,000",2022/11/24 00:00:00+00,LEI5-BKR5,LEI/xxxx,LEI,Levine,,,xxxx,50,BKR/xxxx,BKR,Basker,,,xxxx,50,,,,,,,0,0.5,0.5,-9.0,x,x,,x,x,,x,x,,x,x,,3.0,3,,0.32788,0.32788,0.0,21.0,23,21,23,25,20,21,22,22,L,N,N,N,L5-N5,3I,5IW,,3,5,,Group 1,Group 3,,3w,Bi,3w Bi,Fair,4w,Ci,4w Ci,Poor,,,,,3,5.0,,I,P,,CL,SiCL,,,,,MF,MF,,No Constraints,W,,Fis,Pi,,Va,Va,,Faw,Pw,,Piw,Viw,,Pi,Vi,,Pi,Vi,,Piw,Viw,,Pi,Viw,,Fs,Pw,,Pi,Vi,,Phi,Vhi,,Fiw,Viw,,Fsw,Piw,,Pi,Viw,,Fsw,Piw,,16783.0548664632,3170246.18529505
50401,Rhineland,D76,Rhineland,"1:20,000",2022/11/24 00:00:00+00,GDH,GDH/xxxx,GDH,Gnadenthal,,,xxxx,100,,,,,,,0,,,,,,,0,0.5,-9.0,-9.0,x,,,x,,,x,,,x,,,3,,,0.32788,0.0,0.0,22.0,21,21,22,25,20,21,31,22,L,N,N,L,L10,1,,,1,,,Group 1,,,2w,A,2w A,Good,,,,,,,,,3,,,I,,,SCL,,,,,,MF,,,No Constraints,,,G,,,Va,,,Faw,,,Pw,,,Faw,,,Faw,,,Pw,,,Fw,,,G,,,Fak,,,Ph,,,Fw,,,Fw,,,Fw,,,Fw,,,6730.38753105533,1299927.67216041
111051,Reynolds,14,South Eastern,"1:126,720",2022/11/24 00:00:00+00,S-L,SDI/xcxx,SDI,Sandilands,,,xcxx,50,LSD/xxxx,LSD,Lonesand,,,xxxx,50,,,,,,,0,3.5,1.0,-9.0,c,x,,x,x,,x,x,,x,x,,2,3,-,0.71777999,0.42868,0.0,21.0,25,22,23,22,21,21,21,24,N,N,N,N,N5-N5,5M,4M,,5,4,,,,,3m,Bt2,3m Bt2,Fair,2mw,A,2mw A,Good,,,,,,,,R,I,,FS,FS,,,,,CO,CO,,C,C,,,,,,,,,,,,,,,,,,,,,,,,,,,,,,,,,,,,,,,,,,,,,,,6729.39405631121,1555772.01202084
103426,MINIOTA,6,Rossburn-Virden,"1:126,720",2022/11/24 00:00:00+00,Nm,JAY/xb1x,JAY,Jaymar,,,xb1x,50,NDL/xc1x,NDL,Newdale,,,xc1x,40,VFF/xxxx,VFF,Vodroff,,,xxxx,10,1.0,3.5,0.5,b,c,x,1,1,x,x,x,x,x,x,x,2.0,2,2,0.27671,0.71777999,0.21164,22.0,23,21,22,23,20,21,27,22,N,M,N,L,N5-M4-N1,3M,2T,5W,3,2,5,,,,2m,A,2m A,Good,2kx,Bt2,2kx Bt2,Good,4w,A,4w A,Poor,,,,W,W,P,SCL,CL,CL,,,,MF,MF,MF,No Constraints,No Constraints,W,,,,,,,,,,,,,,,,,,,,,,,,,,,,,,,,,,,,,,,,,,,,,,1457.74135307228,27967.4662941142
29266,North Norfolk,D80,North Norfolk,"1:20,000",2022/11/24 00:00:00+00,DOB6-SEE4/xcxx-xxxx,DOB/xcxx,DOB,Dobbin,,,xcxx,60,SEE/xxxx,SEE,Sewell,,,xxxx,40,,,,,,,0,3.5,0.5,-9.0,c,x,,x,x,,x,x,,x,x,,2.0,2,,0.71777999,0.21164,0.0,21.0,24,22,22,23,21,21,21,24,L,N,N,N,L6-N4,4M,5W,,4,5,,Group 2,Group 3,,2m,Bt2,2m Bt2,Good,4w,A,4w A,Poor,,,,,2,5.0,,W,P,,LFS,LFS,,,,,CO,CO,,C,CW,,Ps,Ps,,Pa,Pa,,G,Pw,,G,Vhw,,G,Phw,,G,Pw,,Vks,Vwg,,Vk,Vhk,,Pq,Pqw,,Vkg,Vkg,,Gg,Vhg,,Fst,Pw,,Fms,Pw,,Fs,Pw,,Ps,Pw,,5836.57125957522,648211.67862895
89350,SILVER CREEK,6,Rossburn-Virden,"1:126,720",2022/11/24 00:00:00+00,Nc,NDL/xbxx,NDL,Newdale,,,xbxx,60,VRC/xbxs,VRC,Varcoe,,,xbxs,20,DRO/xxxx,DRO,Drokan,,,xxxx,20,1.0,1.0,0.5,b,b,x,x,x,x,x,x,x,x,s,x,2,2,2,0.27671,0.27671,0.21164,21.0,22,21,22,23,20,22,28,22,L,L,N,N,L6-L2-N2,2X,3N,5W,2,3,5,,,,2kx,A,2kx A,Good,3sw,A,3sw A,Fair,4w,A,4w A,Poor,,,,W,I,P,CL,CL,CL,,,,MF,MF,MF,No Constraints,No Constraints,W,,,,,,,,,,,,,,,,,,,,,,,,,,,,,,,,,,,,,,,,,,,,,,3225.59524148184,352590.107636579
99095,ELLICE,6,Rossburn-Virden,"1:126,720",2022/11/24 00:00:00+00,As (p),BKR/xcxx,BKR,Basker,,,xcxx,100,,,,,,,0,,,,,,,0,3.5,-9.0,-9.0,c,,,x,,,x,,,x,,,2.0,-,-,0.71777999,0.0,0.0,21.0,25,22,24,26,31,21,60,22,N,N,N,N,N10,5IW,,,5,,,,,,4w,Ci,4w Ci,Poor,,,,,,,,,,,,P,,,SiCL,,,,,,MF,,,W,,,,,,,,,,,,,,,,,,,,,,,,,,,,,,,,,,,,,,,,,,,,,,,,9514.74549979589,816286.877524393
